date,Usage_kWh,Lagging_Current_Reactive.Power_kVarh,Leading_Current_Reactive_Power_kVarh,CO2(tCO2),Lagging_Current_Power_Factor,Leading_Current_Power_Factor,NSM,WeekStatus,Day_of_week,Load_Type,Predicted_Usage_kWh
21/12/2018 14:15,69.62,31.9,0.0,0.03,90.91,100.0,51300,Weekday,Friday,Medium_Load,327276693376296.7
21/12/2018 14:30,60.34,26.5,0.0,0.03,91.56,100.0,52200,Weekday,Friday,Medium_Load,326263478705914.56
21/12/2018 14:45,57.74,25.31,0.0,0.03,91.59,100.0,53100,Weekday,Friday,Medium_Load,326132470625696.8
21/12/2018 15:00,68.04,34.45,0.0,0.03,89.22,100.0,54000,Weekday,Friday,Medium_Load,328882141060246.25
21/12/2018 15:15,67.68,33.34,0.0,0.03,89.71,100.0,54900,Weekday,Friday,Medium_Load,328383465053993.56
21/12/2018 15:30,58.32,23.65,0.0,0.03,92.67,100.0,55800,Weekday,Friday,Medium_Load,325103780511137.7
21/12/2018 15:45,65.48,31.43,0.0,0.03,90.15,100.0,56700,Weekday,Friday,Medium_Load,327853892958977.06
21/12/2018 16:00,63.0,31.64,0.0,0.03,89.36,100.0,57600,Weekday,Friday,Medium_Load,328516430972225.44
21/12/2018 16:15,69.73,34.34,0.0,0.03,89.71,100.0,58500,Weekday,Friday,Medium_Load,328473013391336.4
21/12/2018 16:30,59.69,21.2,0.0,0.03,94.23,100.0,59400,Weekday,Friday,Medium_Load,323613218377087.1
21/12/2018 16:45,63.32,24.12,0.0,0.03,93.45,100.0,60300,Weekday,Friday,Medium_Load,324510283880525.0
21/12/2018 17:00,62.32,24.55,0.0,0.03,93.04,100.0,61200,Weekday,Friday,Medium_Load,324882878873635.3
21/12/2018 17:15,52.78,18.86,0.0,0.02,94.17,100.0,62100,Weekday,Friday,Maximum_Load,316284892539874.8
21/12/2018 17:30,45.86,10.55,0.07,0.02,97.45,100.0,63000,Weekday,Friday,Maximum_Load,312833255630053.06
21/12/2018 17:45,30.78,2.63,6.55,0.01,99.64,97.81,63900,Weekday,Friday,Maximum_Load,305635339318705.75
21/12/2018 18:00,8.21,0.0,14.0,0.0,100.0,50.59,64800,Weekday,Friday,Maximum_Load,279723096249614.62
21/12/2018 18:15,5.51,0.0,10.58,0.0,100.0,46.19,65700,Weekday,Friday,Maximum_Load,278438894202755.12
21/12/2018 18:30,5.4,0.0,14.0,0.0,100.0,35.99,66600,Weekday,Friday,Maximum_Load,269824026927207.7
21/12/2018 18:45,5.62,0.0,21.02,0.0,100.0,25.83,67500,Weekday,Friday,Maximum_Load,259447776053435.8
21/12/2018 19:00,5.54,0.0,21.02,0.0,100.0,25.49,68400,Weekday,Friday,Maximum_Load,259217249780380.3
21/12/2018 19:15,5.54,0.0,21.1,0.0,100.0,25.4,69300,Weekday,Friday,Maximum_Load,259116483578165.3
21/12/2018 19:30,5.51,0.0,21.06,0.0,100.0,25.31,70200,Weekday,Friday,Maximum_Load,259075334187153.06
21/12/2018 19:45,5.47,0.0,21.17,0.0,100.0,25.02,71100,Weekday,Friday,Maximum_Load,258824060092822.5
21/12/2018 20:00,5.54,0.0,21.24,0.0,100.0,25.24,72000,Weekday,Friday,Maximum_Load,258938447676646.2
21/12/2018 20:15,5.47,0.0,21.2,0.0,100.0,24.98,72900,Weekday,Friday,Medium_Load,265949708965939.06
21/12/2018 20:30,5.44,0.0,21.35,0.0,100.0,24.69,73800,Weekday,Friday,Medium_Load,265678562601207.62
21/12/2018 20:45,5.47,0.0,21.28,0.0,100.0,24.9,74700,Weekday,Friday,Medium_Load,265855722946967.94
21/12/2018 21:00,5.44,0.0,21.35,0.0,100.0,24.69,75600,Weekday,Friday,Medium_Load,265678562598765.3
21/12/2018 21:15,5.54,0.0,21.46,0.0,100.0,25.0,76500,Weekday,Friday,Medium_Load,265834099572378.56
21/12/2018 21:30,5.4,0.0,21.56,0.0,100.0,24.3,77400,Weekday,Friday,Medium_Load,265309805982553.5
21/12/2018 21:45,5.44,0.0,21.6,0.0,100.0,24.42,78300,Weekday,Friday,Medium_Load,265371295924519.56
21/12/2018 22:00,5.44,0.0,20.95,0.0,100.0,25.13,79200,Weekday,Friday,Medium_Load,287766132559200.75
21/12/2018 22:15,5.18,3.2,0.4,0.0,85.08,99.7,80100,Weekday,Friday,Maximum_Load,353811815634095.0
21/12/2018 22:30,5.26,3.31,0.0,0.0,84.64,100.0,81000,Weekday,Friday,Maximum_Load,354582328963828.25
21/12/2018 22:45,5.15,3.06,0.0,0.0,85.97,100.0,81900,Weekday,Friday,Maximum_Load,353476189083050.56
21/12/2018 23:00,5.15,3.02,0.0,0.0,86.26,100.0,82800,Weekday,Friday,Maximum_Load,353236300147945.44
21/12/2018 23:15,5.11,2.52,0.04,0.0,89.69,100.0,83700,Weekday,Friday,Light_Load,357011906451137.8
21/12/2018 23:30,4.57,2.38,0.29,0.0,88.69,99.8,84600,Weekday,Friday,Light_Load,357554416028209.94
21/12/2018 23:45,4.0,2.63,0.5,0.0,83.56,99.23,85500,Weekday,Friday,Light_Load,361266192525393.1
21/12/2018 00:00,3.92,2.74,0.4,0.0,81.96,99.48,0,Weekday,Friday,Light_Load,362798991005851.5
22/12/2018 00:15,4.0,2.88,0.32,0.0,81.15,99.68,900,Weekend,Saturday,Light_Load,364671519014570.7
22/12/2018 00:30,4.0,3.13,0.18,0.0,78.75,99.9,1800,Weekend,Saturday,Light_Load,366868267241820.75
22/12/2018 00:45,4.0,3.13,0.22,0.0,78.75,99.85,2700,Weekend,Saturday,Light_Load,366814494047869.25
22/12/2018 01:00,4.1,3.2,0.25,0.0,78.83,99.81,3600,Weekend,Saturday,Light_Load,366713549351597.0
22/12/2018 01:15,3.96,3.06,0.25,0.0,79.13,99.8,4500,Weekend,Saturday,Light_Load,366449776881272.25
22/12/2018 01:30,4.03,3.2,0.14,0.0,78.31,99.94,5400,Weekend,Saturday,Light_Load,367280063387713.2
22/12/2018 01:45,4.03,3.17,0.18,0.0,78.6,99.9,6300,Weekend,Saturday,Light_Load,366994076927919.2
22/12/2018 02:00,3.96,3.17,0.22,0.0,78.07,99.85,7200,Weekend,Saturday,Light_Load,367372175148118.7
22/12/2018 02:15,4.07,3.13,0.22,0.0,79.27,99.85,8100,Weekend,Saturday,Light_Load,366390771143639.5
22/12/2018 02:30,4.07,3.24,0.18,0.0,78.24,99.9,9000,Weekend,Saturday,Light_Load,367293691928784.2
22/12/2018 02:45,3.67,2.84,0.04,0.0,79.09,99.99,9900,Weekend,Saturday,Light_Load,366695823233230.7
22/12/2018 03:00,3.31,2.27,0.14,0.0,82.47,99.91,10800,Weekend,Saturday,Light_Load,363786659698270.2
22/12/2018 03:15,3.82,2.84,0.07,0.0,80.25,99.98,11700,Weekend,Saturday,Light_Load,365728910842739.3
22/12/2018 03:30,4.07,3.24,0.0,0.0,78.24,100.0,12600,Weekend,Saturday,Light_Load,367450919001976.06
22/12/2018 03:45,3.42,2.41,0.07,0.0,81.74,99.98,13500,Weekend,Saturday,Light_Load,364476275985374.06
22/12/2018 04:00,3.38,2.41,0.04,0.0,81.42,99.99,14400,Weekend,Saturday,Light_Load,364758712923360.8
22/12/2018 04:15,3.31,2.34,0.14,0.0,81.66,99.91,15300,Weekend,Saturday,Light_Load,364452957972856.94
22/12/2018 04:30,3.38,2.3,0.11,0.0,82.67,99.95,16200,Weekend,Saturday,Light_Load,363668400736755.8
22/12/2018 04:45,3.35,2.34,0.11,0.0,81.98,99.95,17100,Weekend,Saturday,Light_Load,364234230359137.9
22/12/2018 05:00,3.38,2.41,0.07,0.0,81.42,99.98,18000,Weekend,Saturday,Light_Load,364737028531207.3
22/12/2018 05:15,3.42,2.41,0.04,0.0,81.74,99.99,18900,Weekend,Saturday,Light_Load,364497960365313.9
22/12/2018 05:30,3.96,3.31,0.11,0.0,76.73,99.96,19800,Weekend,Saturday,Light_Load,368605843982185.8
22/12/2018 05:45,4.07,3.38,0.11,0.0,76.93,99.96,20700,Weekend,Saturday,Light_Load,368449142019598.9
22/12/2018 06:00,4.07,3.49,0.04,0.0,75.91,100.0,21600,Weekend,Saturday,Light_Load,359220185712688.7
22/12/2018 06:15,4.0,3.24,0.11,0.0,77.71,99.96,22500,Weekend,Saturday,Light_Load,357669168311464.3
22/12/2018 06:30,3.38,2.52,0.0,0.0,80.17,100.0,23400,Weekend,Saturday,Light_Load,355681927758883.5
22/12/2018 06:45,3.35,2.52,0.0,0.0,79.91,100.0,24300,Weekend,Saturday,Light_Load,355893789206112.75
22/12/2018 07:00,3.35,2.63,0.04,0.0,78.66,99.99,25200,Weekend,Saturday,Light_Load,356895551710199.6
22/12/2018 07:15,3.31,2.45,0.0,0.0,80.38,100.0,26100,Weekend,Saturday,Light_Load,355504540509053.2
22/12/2018 07:30,3.85,3.31,0.0,0.0,75.83,100.0,27000,Weekend,Saturday,Light_Load,359289127430039.1
22/12/2018 07:45,4.03,3.53,0.0,0.0,75.22,100.0,27900,Weekend,Saturday,Light_Load,359805887616242.5
22/12/2018 08:00,3.35,2.34,0.11,0.0,81.98,99.95,28800,Weekend,Saturday,Light_Load,354102377750114.9
22/12/2018 08:15,3.31,2.16,0.18,0.0,83.75,99.85,29700,Weekend,Saturday,Light_Load,352541393177440.0
22/12/2018 08:30,3.24,2.16,0.25,0.0,83.21,99.7,30600,Weekend,Saturday,Light_Load,352844933867428.56
22/12/2018 08:45,3.38,0.9,4.03,0.0,96.63,64.26,31500,Weekend,Saturday,Light_Load,315889889515060.6
22/12/2018 09:00,3.82,0.0,18.22,0.0,100.0,20.52,32400,Weekend,Saturday,Light_Load,276357030919996.3
22/12/2018 09:15,4.28,0.0,21.64,0.0,100.0,19.4,33300,Weekend,Saturday,Light_Load,273898571139330.28
22/12/2018 09:30,4.28,0.0,21.42,0.0,100.0,19.59,34200,Weekend,Saturday,Light_Load,274136692130162.75
22/12/2018 09:45,4.32,0.0,21.1,0.0,100.0,20.06,35100,Weekend,Saturday,Light_Load,274614338962038.06
22/12/2018 10:00,4.21,0.0,19.58,0.0,100.0,21.02,36000,Weekend,Saturday,Light_Load,276020382944764.25
22/12/2018 10:15,3.6,0.0,13.79,0.0,100.0,25.26,36900,Weekend,Saturday,Light_Load,281771692297551.7
22/12/2018 10:30,3.6,0.0,13.97,0.0,100.0,24.95,37800,Weekend,Saturday,Light_Load,281472081361088.06
22/12/2018 10:45,3.6,0.0,13.9,0.0,100.0,25.07,38700,Weekend,Saturday,Light_Load,281588220046656.8
22/12/2018 11:00,3.6,0.0,13.82,0.0,100.0,25.21,39600,Weekend,Saturday,Light_Load,281722887168758.44
22/12/2018 11:15,3.6,0.0,13.93,0.0,100.0,25.02,40500,Weekend,Saturday,Light_Load,281539414919085.25
22/12/2018 11:30,3.6,0.0,13.9,0.0,100.0,25.07,41400,Weekend,Saturday,Light_Load,281588220042992.94
22/12/2018 11:45,3.6,0.0,13.82,0.0,100.0,25.21,42300,Weekend,Saturday,Light_Load,281722887165093.44
22/12/2018 12:00,3.6,0.0,13.68,0.0,100.0,25.45,43200,Weekend,Saturday,Light_Load,260162640896795.5
22/12/2018 12:15,3.71,0.0,13.54,0.0,100.0,26.43,44100,Weekend,Saturday,Light_Load,260896651919618.66
22/12/2018 12:30,4.39,0.0,20.27,0.0,100.0,21.17,45000,Weekend,Saturday,Light_Load,253986765394460.78
22/12/2018 12:45,4.1,0.0,16.99,0.0,100.0,23.46,45900,Weekend,Saturday,Light_Load,257168953808770.4
22/12/2018 13:00,3.71,0.0,13.32,0.0,100.0,26.83,46800,Weekend,Saturday,Light_Load,261277156781789.34
22/12/2018 13:15,4.28,0.0,20.52,0.0,100.0,20.42,47700,Weekend,Saturday,Light_Load,253354049865861.3
22/12/2018 13:30,4.25,0.0,21.06,0.0,100.0,19.78,48600,Weekend,Saturday,Light_Load,252651842408420.0
22/12/2018 13:45,4.25,0.0,21.28,0.0,100.0,19.59,49500,Weekend,Saturday,Light_Load,252413721415144.12
22/12/2018 14:00,4.21,0.0,21.24,0.0,100.0,19.44,50400,Weekend,Saturday,Light_Load,252331890917338.6
22/12/2018 14:15,3.67,0.0,15.19,0.0,100.0,23.48,51300,Weekend,Saturday,Light_Load,258076766338417.75
22/12/2018 14:30,3.46,0.0,14.26,0.0,100.0,23.58,52200,Weekend,Saturday,Light_Load,258606598468675.9
22/12/2018 14:45,3.49,0.0,14.22,0.0,100.0,23.84,53100,Weekend,Saturday,Light_Load,258802755533964.2
22/12/2018 15:00,3.53,0.0,14.15,0.0,100.0,24.21,54000,Weekend,Saturday,Light_Load,259088398831177.25
22/12/2018 15:15,3.56,0.0,14.04,0.0,100.0,24.58,54900,Weekend,Saturday,Light_Load,259393914398790.25
22/12/2018 15:30,3.53,0.0,14.15,0.0,100.0,24.21,55800,Weekend,Saturday,Light_Load,259088398828733.94
22/12/2018 15:45,3.56,0.0,14.15,0.0,100.0,24.4,56700,Weekend,Saturday,Light_Load,259217222332361.1
22/12/2018 16:00,3.56,0.0,14.11,0.0,100.0,24.46,57600,Weekend,Saturday,Light_Load,259277775708335.9
22/12/2018 16:15,3.49,0.0,14.15,0.0,100.0,23.95,58500,Weekend,Saturday,Light_Load,258912114028961.16
22/12/2018 16:30,3.53,0.0,14.11,0.0,100.0,24.27,59400,Weekend,Saturday,Light_Load,259148952201043.75
22/12/2018 16:45,3.56,0.0,14.08,0.0,100.0,24.51,60300,Weekend,Saturday,Light_Load,259326580829800.3
22/12/2018 17:00,4.68,0.0,20.16,0.0,100.0,22.61,61200,Weekend,Saturday,Light_Load,255017760679144.12
22/12/2018 17:15,5.44,0.0,20.95,0.0,100.0,25.13,62100,Weekend,Saturday,Light_Load,256333889822866.88
22/12/2018 17:30,4.46,0.0,20.99,0.0,100.0,20.78,63000,Weekend,Saturday,Light_Load,253364637308652.34
22/12/2018 17:45,4.28,0.0,21.1,0.0,100.0,19.88,63900,Weekend,Saturday,Light_Load,252699771961912.38
22/12/2018 18:00,4.07,0.0,14.4,0.0,100.0,27.2,64800,Weekend,Saturday,Light_Load,271325329370751.8
22/12/2018 18:15,3.6,0.0,6.59,0.0,100.0,47.94,65700,Weekend,Saturday,Light_Load,289267492747240.1
22/12/2018 18:30,3.67,0.0,8.86,0.0,100.0,38.27,66600,Weekend,Saturday,Light_Load,281583303022404.1
22/12/2018 18:45,3.67,0.0,13.9,0.0,100.0,25.53,67500,Weekend,Saturday,Light_Load,270441441941322.3
22/12/2018 19:00,3.71,0.0,13.82,0.0,100.0,25.93,68400,Weekend,Saturday,Light_Load,270752393859532.75
22/12/2018 19:15,3.74,0.0,13.82,0.0,100.0,26.12,69300,Weekend,Saturday,Light_Load,270881217363159.88
22/12/2018 19:30,3.71,0.0,13.82,0.0,100.0,25.93,70200,Weekend,Saturday,Light_Load,270752393857089.38
22/12/2018 19:45,3.74,0.0,13.9,0.0,100.0,25.98,71100,Weekend,Saturday,Light_Load,270746550237394.5
22/12/2018 20:00,3.67,0.0,13.86,0.0,100.0,25.6,72000,Weekend,Saturday,Light_Load,270508775496877.12
22/12/2018 20:15,3.67,0.0,14.0,0.0,100.0,25.36,72900,Weekend,Saturday,Light_Load,270276498122074.62
22/12/2018 20:30,3.67,0.0,13.97,0.0,100.0,25.41,73800,Weekend,Saturday,Light_Load,270325303245982.3
22/12/2018 20:45,3.67,0.0,13.93,0.0,100.0,25.48,74700,Weekend,Saturday,Light_Load,270392636806421.7
22/12/2018 21:00,4.18,0.0,18.11,0.0,100.0,22.49,75600,Weekend,Saturday,Light_Load,266288709393046.94
22/12/2018 21:15,4.61,0.0,20.81,0.0,100.0,21.63,76500,Weekend,Saturday,Light_Load,264364235275707.25
22/12/2018 21:30,5.51,0.0,20.84,0.0,100.0,25.56,77400,Weekend,Saturday,Light_Load,267013943566716.2
22/12/2018 21:45,4.43,0.0,21.02,0.0,100.0,20.62,78300,Weekend,Saturday,Light_Load,263575107222620.25
22/12/2018 22:00,4.1,0.0,18.86,0.0,100.0,21.24,79200,Weekend,Saturday,Light_Load,286659100404746.4
22/12/2018 22:15,3.46,2.3,0.29,0.0,83.28,99.65,80100,Weekend,Saturday,Light_Load,362878510347125.44
22/12/2018 22:30,3.38,2.52,0.07,0.0,80.17,99.98,81000,Weekend,Saturday,Light_Load,365765443418804.5
22/12/2018 22:45,3.42,2.52,0.0,0.0,80.51,100.0,81900,Weekend,Saturday,Light_Load,365536730686202.5
22/12/2018 23:00,3.38,2.52,0.04,0.0,80.17,99.99,82800,Weekend,Saturday,Light_Load,365787127803629.94
22/12/2018 23:15,3.35,2.3,0.14,0.0,82.44,99.91,83700,Weekend,Saturday,Light_Load,363813791601194.25
22/12/2018 23:30,3.31,2.12,0.29,0.0,84.21,99.62,84600,Weekend,Saturday,Light_Load,362084238982868.5
22/12/2018 23:45,3.31,2.12,0.32,0.0,84.21,99.54,85500,Weekend,Saturday,Light_Load,362015093303120.25
22/12/2018 00:00,3.31,2.16,0.25,0.0,83.75,99.72,0,Weekend,Saturday,Light_Load,362550326939635.94
23/12/2018 00:15,3.31,2.23,0.14,0.0,82.93,99.91,900,Weekend,Sunday,Light_Load,364432859100341.25
23/12/2018 00:30,3.35,2.38,0.11,0.0,81.52,99.95,1800,Weekend,Sunday,Light_Load,365637257222332.5
23/12/2018 00:45,3.42,2.56,0.04,0.0,80.06,99.99,2700,Weekend,Sunday,Light_Load,366904956651079.9
23/12/2018 01:00,4.93,3.71,0.0,0.0,79.9,100.0,3600,Weekend,Sunday,Light_Load,367164965987384.44
23/12/2018 01:15,4.93,3.85,0.0,0.0,78.81,100.0,4500,Weekend,Sunday,Light_Load,368065691134119.0
23/12/2018 01:30,4.14,4.0,0.0,0.0,71.92,100.0,5400,Weekend,Sunday,Light_Load,373693451768181.0
23/12/2018 01:45,4.07,4.1,0.0,0.0,70.45,100.0,6300,Weekend,Sunday,Light_Load,374900238636654.7
23/12/2018 02:00,3.49,2.95,0.0,0.0,76.37,100.0,7200,Weekend,Sunday,Light_Load,369973335830988.94
23/12/2018 02:15,3.46,2.74,0.0,0.0,78.4,100.0,8100,Weekend,Sunday,Light_Load,368300381676532.5
23/12/2018 02:30,3.49,2.74,0.0,0.0,78.66,100.0,9000,Weekend,Sunday,Light_Load,368088520226859.9
23/12/2018 02:45,3.42,2.77,0.0,0.0,77.71,100.0,9900,Weekend,Sunday,Light_Load,368865315814475.8
23/12/2018 03:00,3.42,2.99,0.0,0.0,75.28,100.0,10800,Weekend,Sunday,Light_Load,370865106139836.7
23/12/2018 03:15,3.46,2.99,0.0,0.0,75.66,100.0,11700,Weekend,Sunday,Light_Load,370555462483186.75
23/12/2018 03:30,3.42,2.95,0.0,0.0,75.72,100.0,12600,Weekend,Sunday,Light_Load,370502989444787.25
23/12/2018 03:45,3.53,2.88,0.0,0.0,77.48,100.0,13500,Weekend,Sunday,Light_Load,369062582023941.8
23/12/2018 04:00,3.46,2.84,0.0,0.0,77.3,100.0,14400,Weekend,Sunday,Light_Load,369205673399498.0
23/12/2018 04:15,3.42,2.92,0.0,0.0,76.05,100.0,15300,Weekend,Sunday,Light_Load,370231401921668.7
23/12/2018 04:30,3.6,3.2,0.0,0.0,74.74,100.0,16200,Weekend,Sunday,Light_Load,371323931215773.7
23/12/2018 04:45,4.14,4.03,0.0,0.0,71.66,100.0,17100,Weekend,Sunday,Light_Load,373907999651020.2
23/12/2018 05:00,5.18,4.0,0.0,0.0,79.15,100.0,18000,Weekend,Sunday,Light_Load,367802073780696.5
23/12/2018 05:15,4.64,3.82,0.0,0.0,77.2,100.0,18900,Weekend,Sunday,Light_Load,369374915941255.6
23/12/2018 05:30,4.1,3.78,0.0,0.0,73.52,100.0,19800,Weekend,Sunday,Light_Load,372369988353650.25
23/12/2018 05:45,3.49,2.81,0.0,0.0,77.89,100.0,20700,Weekend,Sunday,Light_Load,368722224423041.94
23/12/2018 06:00,3.38,2.48,0.04,0.0,80.63,99.99,21600,Weekend,Sunday,Light_Load,356301474682174.94
23/12/2018 06:15,3.35,2.52,0.0,0.0,79.91,100.0,22500,Weekend,Sunday,Light_Load,356918402324089.1
23/12/2018 06:30,3.46,2.56,0.04,0.0,80.39,99.99,23400,Weekend,Sunday,Light_Load,356504202960654.4
23/12/2018 06:45,3.38,2.63,0.0,0.0,78.92,100.0,24300,Weekend,Sunday,Light_Load,357734955846854.06
23/12/2018 07:00,3.38,2.84,0.0,0.0,76.56,100.0,25200,Weekend,Sunday,Light_Load,359676811068055.94
23/12/2018 07:15,3.38,2.7,0.0,0.0,78.13,100.0,26100,Weekend,Sunday,Light_Load,358384957090968.7
23/12/2018 07:30,3.38,2.84,0.0,0.0,76.56,100.0,27000,Weekend,Sunday,Light_Load,359676811065612.6
23/12/2018 07:45,3.42,3.1,0.0,0.0,74.09,100.0,27900,Weekend,Sunday,Light_Load,361712777393654.06
23/12/2018 08:00,3.49,2.99,0.0,0.0,75.94,100.0,28800,Weekend,Sunday,Light_Load,360195451383887.6
23/12/2018 08:15,4.07,4.36,0.0,0.0,68.24,100.0,29700,Weekend,Sunday,Light_Load,366592490892565.4
23/12/2018 08:30,4.97,4.25,0.0,0.0,76.0,100.0,30600,Weekend,Sunday,Light_Load,360259391189163.4
23/12/2018 08:45,4.82,1.73,5.18,0.0,94.12,68.12,31500,Weekend,Sunday,Light_Load,321079929009406.0
23/12/2018 09:00,4.28,0.0,21.02,0.0,100.0,19.95,32400,Weekend,Sunday,Light_Load,275604114592915.0
23/12/2018 09:15,3.92,0.0,15.84,0.0,100.0,24.02,33300,Weekend,Sunday,Light_Load,280937108686170.25
23/12/2018 09:30,3.71,0.0,13.57,0.0,100.0,26.37,34200,Weekend,Sunday,Light_Load,283658203379649.8
23/12/2018 09:45,3.64,0.0,13.64,0.0,100.0,25.78,35100,Weekend,Sunday,Light_Load,283223396021748.44
23/12/2018 10:00,3.64,0.0,13.68,0.0,100.0,25.71,36000,Weekend,Sunday,Light_Load,283156062458866.8
23/12/2018 10:15,3.67,0.0,13.64,0.0,100.0,25.98,36900,Weekend,Sunday,Light_Load,283358999708620.8
23/12/2018 10:30,3.71,0.0,13.54,0.0,100.0,26.43,37800,Weekend,Sunday,Light_Load,283713788684359.3
23/12/2018 10:45,3.71,0.0,13.46,0.0,100.0,26.57,38700,Weekend,Sunday,Light_Load,283848455806459.8
23/12/2018 11:00,3.74,0.0,13.28,0.0,100.0,27.11,39600,Weekend,Sunday,Light_Load,284304010983193.0
23/12/2018 11:15,3.78,0.0,13.14,0.0,100.0,27.65,40500,Weekend,Sunday,Light_Load,284739693889524.06
23/12/2018 11:30,3.71,0.0,13.21,0.0,100.0,27.04,41400,Weekend,Sunday,Light_Load,284291326162691.2
23/12/2018 11:45,3.74,0.0,13.25,0.0,100.0,27.16,42300,Weekend,Sunday,Light_Load,284352816104657.3
23/12/2018 12:00,3.96,0.0,14.47,0.0,100.0,26.4,43200,Weekend,Sunday,Light_Load,261438894196153.66
23/12/2018 12:15,4.86,0.0,19.8,0.0,100.0,23.84,44100,Weekend,Sunday,Light_Load,257055186940776.5
23/12/2018 12:30,5.54,0.0,20.38,0.0,100.0,26.23,45000,Weekend,Sunday,Light_Load,258387503106049.88
23/12/2018 12:45,4.54,0.0,20.48,0.0,100.0,21.64,45900,Weekend,Sunday,Light_Load,255225717759056.3
23/12/2018 13:00,4.36,0.0,20.38,0.0,100.0,20.92,46800,Weekend,Sunday,Light_Load,254787225152305.8
23/12/2018 13:15,3.67,0.0,13.64,0.0,100.0,25.98,47700,Weekend,Sunday,Light_Load,261566476053306.0
23/12/2018 13:30,3.67,0.0,13.64,0.0,100.0,25.98,48600,Weekend,Sunday,Light_Load,261566476052084.3
23/12/2018 13:45,3.67,0.0,13.64,0.0,100.0,25.98,49500,Weekend,Sunday,Light_Load,261566476050862.7
23/12/2018 14:00,3.67,0.0,13.61,0.0,100.0,26.04,50400,Weekend,Sunday,Light_Load,261622061359237.2
23/12/2018 14:15,3.71,0.0,13.5,0.0,100.0,26.5,51300,Weekend,Sunday,Light_Load,261988598587041.75
23/12/2018 14:30,3.67,0.0,13.57,0.0,100.0,26.11,52200,Weekend,Sunday,Light_Load,261689394918454.97
23/12/2018 14:45,3.67,0.0,13.64,0.0,100.0,25.98,53100,Weekend,Sunday,Light_Load,261566476045977.12
23/12/2018 15:00,3.67,0.0,13.61,0.0,100.0,26.04,54000,Weekend,Sunday,Light_Load,261622061354351.7
23/12/2018 15:15,3.64,0.0,13.57,0.0,100.0,25.91,54900,Weekend,Sunday,Light_Load,261553791225476.5
23/12/2018 15:30,3.67,0.0,13.57,0.0,100.0,26.11,55800,Weekend,Sunday,Light_Load,261689394913569.4
23/12/2018 15:45,3.74,0.0,14.54,0.0,100.0,24.91,56700,Weekend,Sunday,Light_Load,260393870219236.8
23/12/2018 16:00,4.36,0.0,20.7,0.0,100.0,20.61,57600,Weekend,Sunday,Light_Load,254418061256003.88
23/12/2018 16:15,4.36,0.0,20.77,0.0,100.0,20.54,58500,Weekend,Sunday,Light_Load,254335823490320.38
23/12/2018 16:30,5.0,0.0,20.92,0.0,100.0,23.25,59400,Weekend,Sunday,Light_Load,256098732465307.56
23/12/2018 16:45,5.33,0.0,20.99,0.0,100.0,24.61,60300,Weekend,Sunday,Light_Load,256986061078223.28
23/12/2018 17:00,3.6,0.0,14.65,0.0,100.0,23.86,61200,Weekend,Sunday,Light_Load,259627302100626.6
23/12/2018 17:15,3.56,0.0,14.18,0.0,100.0,24.35,62100,Weekend,Sunday,Light_Load,260193030315437.0
23/12/2018 17:30,3.6,0.0,14.29,0.0,100.0,24.43,63000,Weekend,Sunday,Light_Load,260192623046338.53
23/12/2018 17:45,3.67,0.0,14.44,0.0,100.0,24.63,63900,Weekend,Sunday,Light_Load,260253705720427.8
23/12/2018 18:00,3.49,0.0,10.91,0.0,100.0,30.47,64800,Weekend,Sunday,Light_Load,276300918399062.62
23/12/2018 18:15,3.49,0.0,7.27,0.0,100.0,43.28,65700,Weekend,Sunday,Light_Load,286794711304927.25
23/12/2018 18:30,3.49,0.0,9.61,0.0,100.0,34.14,66600,Weekend,Sunday,Light_Load,279435094883573.12
23/12/2018 18:45,3.64,0.0,14.51,0.0,100.0,24.33,67500,Weekend,Sunday,Light_Load,270349380797353.2
23/12/2018 19:00,3.64,0.0,14.51,0.0,100.0,24.33,68400,Weekend,Sunday,Light_Load,270349380796132.56
23/12/2018 19:15,4.03,0.0,19.58,0.0,100.0,20.16,69300,Weekend,Sunday,Light_Load,265003233599379.3
23/12/2018 19:30,4.25,0.0,21.82,0.0,100.0,19.12,70200,Weekend,Sunday,Light_Load,263185247271267.62
23/12/2018 19:45,4.28,0.0,21.78,0.0,100.0,19.28,71100,Weekend,Sunday,Light_Load,263313602491898.62
23/12/2018 20:00,4.25,0.0,22.0,0.0,100.0,18.97,72000,Weekend,Sunday,Light_Load,262994119285035.0
23/12/2018 20:15,4.0,0.0,20.66,0.0,100.0,19.01,72900,Weekend,Sunday,Light_Load,263686961080108.75
23/12/2018 20:30,3.49,0.0,14.94,0.0,100.0,22.75,73800,Weekend,Sunday,Light_Load,269064484736408.0
23/12/2018 20:45,4.21,0.0,22.07,0.0,100.0,18.74,74700,Weekend,Sunday,Light_Load,262803398565456.56
23/12/2018 21:00,4.14,0.0,21.24,0.0,100.0,19.13,75600,Weekend,Sunday,Light_Load,263480175369219.44
23/12/2018 21:15,3.49,0.0,14.9,0.0,100.0,22.81,76500,Weekend,Sunday,Light_Load,269125038109939.38
23/12/2018 21:30,3.42,0.0,14.94,0.0,100.0,22.31,77400,Weekend,Sunday,Light_Load,268766156615030.3
23/12/2018 21:45,3.46,0.0,14.98,0.0,100.0,22.5,78300,Weekend,Sunday,Light_Load,268875107848256.5
23/12/2018 22:00,3.53,0.0,14.8,0.0,100.0,23.2,79200,Weekend,Sunday,Light_Load,291029665121260.56
23/12/2018 22:15,3.2,1.73,0.72,0.0,87.97,97.56,80100,Weekend,Sunday,Light_Load,358399740860998.94
23/12/2018 22:30,3.2,1.73,0.58,0.0,87.97,98.4,81000,Weekend,Sunday,Light_Load,359038829301301.8
23/12/2018 22:45,3.2,1.73,0.58,0.0,87.97,98.4,81900,Weekend,Sunday,Light_Load,359038829300080.2
23/12/2018 23:00,3.96,2.16,0.65,0.0,87.79,98.68,82800,Weekend,Sunday,Light_Load,359379077086117.1
23/12/2018 23:15,4.0,2.7,0.43,0.0,82.88,99.43,83700,Weekend,Sunday,Light_Load,364046166477887.7
23/12/2018 23:30,4.0,2.74,0.4,0.0,82.5,99.5,84600,Weekend,Sunday,Light_Load,364421757559639.1
23/12/2018 23:45,4.0,2.95,0.29,0.0,80.48,99.74,85500,Weekend,Sunday,Light_Load,366303936364107.44
23/12/2018 00:00,3.78,2.77,0.22,0.0,80.66,99.83,0,Weekend,Sunday,Light_Load,366236942602390.4
24/12/2018 00:15,3.35,2.27,0.18,0.0,82.78,99.86,900,Weekday,Monday,Light_Load,364653900937362.94
24/12/2018 00:30,3.38,2.23,0.18,0.0,83.47,99.86,1800,Weekday,Monday,Light_Load,364088071312537.44
24/12/2018 00:45,3.38,2.34,0.11,0.0,82.22,99.95,2700,Weekday,Monday,Light_Load,365212284417804.44
24/12/2018 01:00,3.96,3.1,0.04,0.0,78.74,99.99,3600,Weekday,Monday,Light_Load,368177922366190.2
24/12/2018 01:15,3.89,3.02,0.04,0.0,78.99,99.99,4500,Weekday,Monday,Light_Load,367967045566797.7
24/12/2018 01:30,3.38,2.45,0.04,0.0,80.97,99.99,5400,Weekday,Monday,Light_Load,366302596598302.2
24/12/2018 01:45,3.35,2.45,0.04,0.0,80.72,99.99,6300,Weekday,Monday,Light_Load,366506309528283.3
24/12/2018 02:00,3.49,2.52,0.0,0.0,81.07,100.0,7200,Weekday,Monday,Light_Load,366254032274763.44
24/12/2018 02:15,3.38,2.52,0.0,0.0,80.17,100.0,8100,Weekday,Monday,Light_Load,366987398825871.94
24/12/2018 02:30,3.42,2.52,0.04,0.0,80.51,99.99,9000,Weekday,Monday,Light_Load,366683696770426.7
24/12/2018 02:45,4.0,3.49,0.0,0.0,75.35,100.0,9900,Weekday,Monday,Light_Load,371001846028980.3
24/12/2018 03:00,4.07,3.67,0.04,0.0,74.27,100.0,10800,Weekday,Monday,Light_Load,371878132302938.44
24/12/2018 03:15,4.14,3.56,0.04,0.0,75.82,100.0,11700,Weekday,Monday,Light_Load,370605261811178.2
24/12/2018 03:30,4.1,3.46,0.07,0.0,76.42,99.99,12600,Weekday,Monday,Light_Load,370085711554091.3
24/12/2018 03:45,3.96,3.38,0.07,0.0,76.06,99.98,13500,Weekday,Monday,Light_Load,370365114122367.94
24/12/2018 04:00,3.35,2.38,0.07,0.0,81.52,99.98,14400,Weekday,Monday,Light_Load,365826475366577.56
24/12/2018 04:15,3.38,2.38,0.07,0.0,81.76,99.98,15300,Weekday,Monday,Light_Load,365630910951401.06
24/12/2018 04:30,3.64,2.63,0.07,0.0,81.06,99.98,16200,Weekday,Monday,Light_Load,366223694241822.44
24/12/2018 04:45,4.07,3.06,0.0,0.0,79.93,100.0,17100,Weekday,Monday,Light_Load,367231319332415.3
24/12/2018 05:00,3.42,2.3,0.18,0.0,82.98,99.86,18000,Weekday,Monday,Light_Load,364493617019306.94
24/12/2018 05:15,3.31,2.23,0.18,0.0,82.93,99.85,18900,Weekday,Monday,Light_Load,364521311036263.2
24/12/2018 05:30,3.35,2.23,0.18,0.0,83.24,99.86,19800,Weekday,Monday,Light_Load,364275487184815.7
24/12/2018 05:45,3.35,2.3,0.14,0.0,82.44,99.91,20700,Weekday,Monday,Light_Load,364987410139769.8
24/12/2018 06:00,3.35,2.27,0.18,0.0,82.78,99.86,21600,Weekday,Monday,Light_Load,354522048316125.0
24/12/2018 06:15,3.38,2.12,0.29,0.0,84.72,99.63,22500,Weekday,Monday,Light_Load,352717210731889.9
24/12/2018 06:30,3.6,2.48,0.29,0.0,82.35,99.68,23400,Weekday,Monday,Light_Load,354714547642155.5
24/12/2018 06:45,4.03,3.02,0.22,0.0,80.02,99.85,24300,Weekday,Monday,Light_Load,356811547870897.2
24/12/2018 07:00,4.0,2.99,0.22,0.0,80.1,99.85,25200,Weekday,Monday,Light_Load,356743673281578.7
24/12/2018 07:15,3.96,2.81,0.32,0.0,81.55,99.68,26100,Weekday,Monday,Light_Load,355381075766782.75
24/12/2018 07:30,4.54,2.92,0.25,0.0,84.11,99.85,27000,Weekday,Monday,Light_Load,353454945276244.44
24/12/2018 07:45,5.36,2.92,0.18,0.0,87.81,99.94,27900,Weekday,Monday,Light_Load,350535792026614.7
24/12/2018 08:00,6.52,2.34,0.22,0.0,94.12,99.94,28800,Weekday,Monday,Light_Load,345322267335916.1
24/12/2018 08:15,21.89,13.18,0.32,0.01,85.67,99.99,29700,Weekday,Monday,Light_Load,353162688629838.4
24/12/2018 08:30,59.62,40.03,0.0,0.03,83.02,100.0,30600,Weekday,Monday,Light_Load,357892177103465.94
24/12/2018 08:45,64.58,38.7,0.0,0.03,85.78,100.0,31500,Weekday,Monday,Light_Load,355524087046601.44
24/12/2018 09:00,67.18,22.86,0.0,0.03,94.67,100.0,32400,Weekday,Monday,Light_Load,346861609470911.56
24/12/2018 09:15,69.44,26.17,0.0,0.03,93.58,100.0,33300,Weekday,Monday,Medium_Load,348578682503779.9
24/12/2018 09:30,65.38,25.31,0.0,0.03,93.26,100.0,34200,Weekday,Monday,Medium_Load,348762423480181.4
24/12/2018 09:45,67.0,31.14,0.0,0.03,90.68,100.0,35100,Weekday,Monday,Medium_Load,351386807764164.1
24/12/2018 10:00,56.27,19.51,0.0,0.03,94.48,100.0,36000,Weekday,Monday,Medium_Load,347248923988544.94
24/12/2018 10:15,54.18,19.8,0.0,0.02,93.92,100.0,36900,Weekday,Monday,Maximum_Load,340563536156241.06
24/12/2018 10:30,58.39,26.35,0.0,0.03,91.15,100.0,37800,Weekday,Monday,Maximum_Load,343407217074342.7
24/12/2018 10:45,54.86,20.3,0.0,0.03,93.79,100.0,38700,Weekday,Monday,Maximum_Load,340714241049137.7
24/12/2018 11:00,54.18,22.61,0.0,0.02,92.29,100.0,39600,Weekday,Monday,Maximum_Load,342143375305681.2
24/12/2018 11:15,55.55,22.57,0.0,0.03,92.65,100.0,40500,Weekday,Monday,Maximum_Load,341846446749838.7
24/12/2018 11:30,53.21,15.34,0.0,0.02,96.09,100.0,41400,Weekday,Monday,Maximum_Load,338395922300954.9
24/12/2018 11:45,53.03,14.98,0.0,0.02,96.23,100.0,42300,Weekday,Monday,Maximum_Load,338249605655057.44
24/12/2018 12:00,40.64,8.75,3.74,0.02,97.76,99.58,43200,Weekday,Monday,Maximum_Load,312509647627207.8
24/12/2018 12:15,6.91,0.0,21.56,0.0,100.0,30.52,44100,Weekday,Monday,Medium_Load,261391455245055.72
24/12/2018 12:30,6.91,0.0,21.67,0.0,100.0,30.38,45000,Weekday,Monday,Medium_Load,261241883917711.22
24/12/2018 12:45,6.48,0.0,21.2,0.0,100.0,29.23,45900,Weekday,Monday,Medium_Load,260695661880142.2
24/12/2018 13:00,6.12,0.0,21.31,0.0,100.0,27.6,46800,Weekday,Monday,Medium_Load,259535843067405.2
24/12/2018 13:15,34.49,9.47,8.1,0.02,96.43,97.35,47700,Weekday,Monday,Medium_Load,317147490424470.7
24/12/2018 13:30,46.98,11.23,0.18,0.02,97.26,100.0,48600,Weekday,Monday,Medium_Load,322360226987764.2
24/12/2018 13:45,38.2,4.0,0.29,0.02,99.46,100.0,49500,Weekday,Monday,Medium_Load,319865469971121.8
24/12/2018 14:00,37.84,3.49,0.25,0.02,99.58,100.0,50400,Weekday,Monday,Medium_Load,319741890381404.0
24/12/2018 14:15,43.45,9.04,0.14,0.02,97.9,100.0,51300,Weekday,Monday,Medium_Load,321662483292373.9
24/12/2018 14:30,63.9,26.57,0.0,0.03,92.34,100.0,52200,Weekday,Monday,Medium_Load,327832394313129.56
24/12/2018 14:45,38.48,4.25,0.25,0.02,99.4,100.0,53100,Weekday,Monday,Medium_Load,319956620424401.0
24/12/2018 15:00,38.12,4.54,0.22,0.02,99.3,100.0,54000,Weekday,Monday,Medium_Load,320078978816221.44
24/12/2018 15:15,45.25,9.43,0.11,0.02,97.9,100.0,54900,Weekday,Monday,Medium_Load,321712311341759.0
24/12/2018 15:30,51.12,13.79,0.04,0.02,96.55,100.0,55800,Weekday,Monday,Medium_Load,323237568392002.25
24/12/2018 15:45,45.72,10.98,0.11,0.02,97.24,100.0,56700,Weekday,Monday,Medium_Load,322388913400196.44
24/12/2018 16:00,51.7,17.21,0.0,0.02,94.88,100.0,57600,Weekday,Monday,Medium_Load,324924498441523.44
24/12/2018 16:15,47.2,9.14,0.04,0.02,98.18,100.0,58500,Weekday,Monday,Medium_Load,321492960309376.44
24/12/2018 16:30,69.55,29.77,0.0,0.03,91.93,100.0,59400,Weekday,Monday,Medium_Load,328453038205661.9
24/12/2018 16:45,44.82,9.72,0.04,0.02,97.73,100.0,60300,Weekday,Monday,Medium_Load,321911581618616.75
24/12/2018 17:00,40.86,3.96,0.04,0.02,99.53,100.0,61200,Weekday,Monday,Medium_Load,319929050091034.25
24/12/2018 17:15,33.66,1.87,4.5,0.02,99.85,99.12,62100,Weekday,Monday,Maximum_Load,309501053314415.0
24/12/2018 17:30,9.86,0.0,20.52,0.0,100.0,43.31,63000,Weekday,Monday,Maximum_Load,263412316365275.9
24/12/2018 17:45,6.73,0.0,21.89,0.0,100.0,29.39,63900,Weekday,Monday,Maximum_Load,253293674326526.97
24/12/2018 18:00,5.29,0.0,16.63,0.0,100.0,30.31,64800,Weekday,Monday,Maximum_Load,266864511942865.25
24/12/2018 18:15,5.22,0.0,10.98,0.0,100.0,42.94,65700,Weekday,Monday,Maximum_Load,278234843115995.5
24/12/2018 18:30,5.18,0.0,14.47,0.0,100.0,33.7,66600,Weekday,Monday,Maximum_Load,270236097075956.2
24/12/2018 18:45,5.33,0.0,21.53,0.0,100.0,24.03,67500,Weekday,Monday,Maximum_Load,260172202970604.12
24/12/2018 19:00,5.04,0.0,21.49,0.0,100.0,22.83,68400,Weekday,Monday,Maximum_Load,259378453103897.06
24/12/2018 19:15,4.14,0.0,21.56,0.0,100.0,18.86,69300,Weekday,Monday,Maximum_Load,256651943396579.44
24/12/2018 19:30,4.18,0.0,21.56,0.0,100.0,19.03,70200,Weekday,Monday,Maximum_Load,256767206531275.12
24/12/2018 19:45,4.1,0.0,21.67,0.0,100.0,18.59,71100,Weekday,Monday,Maximum_Load,256414229669958.8
24/12/2018 20:00,4.18,0.0,21.64,0.0,100.0,18.97,72000,Weekday,Monday,Maximum_Load,256686780881236.5
24/12/2018 20:15,4.1,0.0,21.64,0.0,100.0,18.62,72900,Weekday,Monday,Medium_Load,263617148239936.88
24/12/2018 20:30,4.14,0.0,21.6,0.0,100.0,18.82,73800,Weekday,Monday,Medium_Load,263772624198430.75
24/12/2018 20:45,4.21,0.0,21.6,0.0,100.0,19.13,74700,Weekday,Monday,Medium_Load,263982809915646.62
24/12/2018 21:00,4.18,0.0,21.46,0.0,100.0,19.12,75600,Weekday,Monday,Medium_Load,264045582676363.7
24/12/2018 21:15,4.18,0.0,21.24,0.0,100.0,19.31,76500,Weekday,Monday,Medium_Load,264283703667196.2
24/12/2018 21:30,4.14,0.0,21.38,0.0,100.0,19.01,77400,Weekday,Monday,Medium_Load,264010745185599.25
24/12/2018 21:45,4.18,0.0,21.42,0.0,100.0,19.15,78300,Weekday,Monday,Medium_Load,264085795496496.8
24/12/2018 22:00,5.4,0.0,21.13,0.0,100.0,24.76,79200,Weekday,Monday,Medium_Load,289624072085776.2
24/12/2018 22:15,4.5,3.17,0.43,0.0,81.75,99.55,80100,Weekday,Monday,Maximum_Load,358604210026428.5
24/12/2018 22:30,3.92,3.28,0.14,0.0,76.69,99.94,81000,Weekday,Monday,Maximum_Load,363145711224404.0
24/12/2018 22:45,3.89,3.17,0.18,0.0,77.52,99.89,81900,Weekday,Monday,Maximum_Load,362405760781778.1
24/12/2018 23:00,3.85,3.13,0.22,0.0,77.59,99.84,82800,Weekday,Monday,Maximum_Load,362291366033606.9
24/12/2018 23:15,3.85,2.81,0.36,0.0,80.77,99.57,83700,Weekday,Monday,Light_Load,366054058327587.94
24/12/2018 23:30,3.82,2.59,0.43,0.0,82.77,99.37,84600,Weekday,Monday,Light_Load,364234274080065.44
24/12/2018 23:45,3.85,2.52,0.47,0.0,83.67,99.26,85500,Weekday,Monday,Light_Load,363400184843392.7
24/12/2018 00:00,3.78,2.59,0.43,0.0,82.49,99.36,0,Weekday,Monday,Light_Load,364455652493358.94
25/12/2018 00:15,3.85,2.74,0.36,0.0,81.47,99.57,900,Weekday,Tuesday,Light_Load,366502006964522.06
25/12/2018 00:30,3.92,2.84,0.29,0.0,80.98,99.73,1800,Weekday,Tuesday,Light_Load,367053498566821.3
25/12/2018 00:45,3.89,2.99,0.25,0.0,79.29,99.79,2700,Weekday,Tuesday,Light_Load,368504583608291.06
25/12/2018 01:00,3.85,3.1,0.18,0.0,77.89,99.89,3600,Weekday,Tuesday,Light_Load,369757804656746.44
25/12/2018 01:15,3.56,2.63,0.22,0.0,80.43,99.81,4500,Weekday,Tuesday,Light_Load,367571879809940.2
25/12/2018 01:30,3.2,2.23,0.11,0.0,82.04,99.94,5400,Weekday,Tuesday,Light_Load,366366940338590.2
25/12/2018 01:45,3.92,2.95,0.0,0.0,79.9,100.0,6300,Weekday,Tuesday,Light_Load,368270527696701.94
25/12/2018 02:00,3.64,2.74,0.07,0.0,79.89,99.98,7200,Weekday,Tuesday,Light_Load,368211534204677.7
25/12/2018 02:15,3.17,2.23,0.11,0.0,81.79,99.94,8100,Weekday,Tuesday,Light_Load,366570653266128.94
25/12/2018 02:30,3.17,2.12,0.18,0.0,83.12,99.84,9000,Weekday,Tuesday,Light_Load,365374471835967.94
25/12/2018 02:45,3.2,2.2,0.14,0.0,82.4,99.9,9900,Weekday,Tuesday,Light_Load,366028882320773.8
25/12/2018 03:00,3.24,2.27,0.14,0.0,81.9,99.91,10800,Weekday,Tuesday,Light_Load,366449356750021.56
25/12/2018 03:15,3.2,2.23,0.07,0.0,82.04,99.98,11700,Weekday,Tuesday,Light_Load,366413933338304.94
25/12/2018 03:30,3.2,2.3,0.07,0.0,81.2,99.98,12600,Weekday,Tuesday,Light_Load,367104677169521.8
25/12/2018 03:45,3.28,2.41,0.07,0.0,80.59,99.98,13500,Weekday,Tuesday,Light_Load,367611587037515.94
25/12/2018 04:00,3.96,3.6,0.04,0.0,73.99,99.99,14400,Weekday,Tuesday,Light_Load,373117855328467.44
25/12/2018 04:15,3.96,3.56,0.04,0.0,74.37,99.99,15300,Weekday,Tuesday,Light_Load,372804629738333.44
25/12/2018 04:30,3.92,3.31,0.07,0.0,76.41,99.98,16200,Weekday,Tuesday,Light_Load,371098260746953.44
25/12/2018 04:45,3.89,3.31,0.07,0.0,76.16,99.98,17100,Weekday,Tuesday,Light_Load,371301973676934.56
25/12/2018 05:00,3.35,2.59,0.04,0.0,79.11,99.99,18000,Weekday,Tuesday,Light_Load,368855370672076.3
25/12/2018 05:15,3.24,2.41,0.04,0.0,80.24,99.99,18900,Weekday,Tuesday,Light_Load,367918469521139.7
25/12/2018 05:30,3.35,2.52,0.04,0.0,79.91,99.99,19800,Weekday,Tuesday,Light_Load,368197220906186.94
25/12/2018 05:45,3.96,3.53,0.0,0.0,74.65,100.0,20700,Weekday,Tuesday,Light_Load,372600437270910.7
25/12/2018 06:00,3.71,2.95,0.0,0.0,78.27,100.0,21600,Weekday,Tuesday,Light_Load,359466883394235.4
25/12/2018 06:15,3.17,2.23,0.11,0.0,81.79,99.94,22500,Weekday,Tuesday,Light_Load,356438800653440.8
25/12/2018 06:30,3.2,2.2,0.14,0.0,82.4,99.9,23400,Weekday,Tuesday,Light_Load,355897029709307.4
25/12/2018 06:45,3.2,2.3,0.07,0.0,81.2,99.98,24300,Weekday,Tuesday,Light_Load,356972824560497.6
25/12/2018 07:00,3.17,2.27,0.0,0.0,81.3,100.0,25200,Weekday,Tuesday,Light_Load,356936989790456.4
25/12/2018 07:15,3.24,2.45,0.04,0.0,79.76,99.99,26100,Weekday,Tuesday,Light_Load,358181327679616.4
25/12/2018 07:30,3.85,3.38,0.04,0.0,75.15,99.99,27000,Weekday,Tuesday,Light_Load,362021074083278.5
25/12/2018 07:45,3.92,3.53,0.0,0.0,74.31,100.0,27900,Weekday,Tuesday,Light_Load,362745634254429.8
25/12/2018 08:00,3.89,3.49,0.04,0.0,74.43,99.99,28800,Weekday,Tuesday,Light_Load,362617617639781.44
25/12/2018 08:15,3.89,3.49,0.0,0.0,74.43,100.0,29700,Weekday,Tuesday,Light_Load,362644270111321.0
25/12/2018 08:30,3.49,2.84,0.04,0.0,77.56,99.99,30600,Weekday,Tuesday,Light_Load,360008925319563.3
25/12/2018 08:45,3.24,1.04,3.49,0.0,95.22,68.04,31500,Weekday,Tuesday,Light_Load,322080784161305.9
25/12/2018 09:00,3.38,0.0,14.36,0.0,100.0,22.91,32400,Weekday,Tuesday,Light_Load,282093400669607.9
25/12/2018 09:15,3.49,0.0,14.11,0.0,100.0,24.01,33300,Weekday,Tuesday,Light_Load,282963422649622.4
25/12/2018 09:30,3.46,0.0,14.0,0.0,100.0,23.99,34200,Weekday,Tuesday,Light_Load,283004511023071.94
25/12/2018 09:45,3.82,0.0,17.6,0.0,100.0,21.21,35100,Weekday,Tuesday,Light_Load,279331115404290.56
25/12/2018 10:00,3.96,0.0,18.86,0.0,100.0,20.55,36000,Weekday,Tuesday,Light_Load,278257646710701.44
25/12/2018 10:15,3.42,0.0,13.97,0.0,100.0,23.78,36900,Weekday,Tuesday,Light_Load,282877031348428.5
25/12/2018 10:30,3.53,0.0,13.9,0.0,100.0,24.61,37800,Weekday,Tuesday,Light_Load,283474563131064.0
25/12/2018 10:45,3.46,0.0,13.9,0.0,100.0,24.15,38700,Weekday,Tuesday,Light_Load,283162674644418.8
25/12/2018 11:00,3.46,0.0,13.9,0.0,100.0,24.15,39600,Weekday,Tuesday,Light_Load,283162674643198.25
25/12/2018 11:15,3.78,0.0,16.99,0.0,100.0,21.72,40500,Weekday,Tuesday,Light_Load,279979956928329.75
25/12/2018 11:30,4.18,0.0,20.66,0.0,100.0,19.83,41400,Weekday,Tuesday,Light_Load,276875221253796.56
25/12/2018 11:45,4.28,0.0,20.48,0.0,100.0,20.46,42300,Weekday,Tuesday,Light_Load,277391798090720.06
25/12/2018 12:00,4.18,0.0,20.2,0.0,100.0,20.26,43200,Weekday,Tuesday,Light_Load,255602776652333.53
25/12/2018 12:15,4.07,0.0,18.29,0.0,100.0,21.72,44100,Weekday,Tuesday,Light_Load,257541584494754.5
25/12/2018 12:30,3.56,0.0,13.32,0.0,100.0,25.82,45000,Weekday,Tuesday,Light_Load,262790589721801.78
25/12/2018 12:45,3.53,0.0,13.32,0.0,100.0,25.62,45900,Weekday,Tuesday,Light_Load,262654986031265.56
25/12/2018 13:00,3.53,0.0,13.43,0.0,100.0,25.42,46800,Weekday,Tuesday,Light_Load,262464733597127.88
25/12/2018 13:15,5.04,0.0,18.65,0.0,100.0,26.09,47700,Weekday,Tuesday,Light_Load,260325674667783.56
25/12/2018 13:30,4.07,0.0,19.87,0.0,100.0,20.07,48600,Weekday,Tuesday,Light_Load,255637899370963.78
25/12/2018 13:45,3.42,0.0,13.9,0.0,100.0,23.89,49500,Weekday,Tuesday,Light_Load,261193866192995.0
25/12/2018 14:00,3.42,0.0,13.82,0.0,100.0,24.02,50400,Weekday,Tuesday,Light_Load,261321753130630.88
25/12/2018 14:15,3.49,0.0,13.9,0.0,100.0,24.35,51300,Weekday,Tuesday,Light_Load,261505754675976.28
25/12/2018 14:30,3.46,0.0,13.82,0.0,100.0,24.29,52200,Weekday,Tuesday,Light_Load,261504818108762.16
25/12/2018 14:45,3.53,0.0,14.47,0.0,100.0,23.7,53100,Weekday,Tuesday,Light_Load,260781862830046.8
25/12/2018 15:00,4.14,0.0,20.74,0.0,100.0,19.58,54000,Weekday,Tuesday,Light_Load,254873448443594.28
25/12/2018 15:15,4.14,0.0,20.81,0.0,100.0,19.51,54900,Weekday,Tuesday,Light_Load,254791210677910.88
25/12/2018 15:30,4.14,0.0,20.84,0.0,100.0,19.48,55800,Weekday,Tuesday,Light_Load,254755965920491.3
25/12/2018 15:45,4.1,0.0,20.92,0.0,100.0,19.23,56700,Weekday,Tuesday,Light_Load,254546716766824.5
25/12/2018 16:00,3.67,0.0,15.7,0.0,100.0,22.76,57600,Weekday,Tuesday,Light_Load,259533453169332.5
25/12/2018 16:15,3.46,0.0,13.93,0.0,100.0,24.11,58500,Weekday,Tuesday,Light_Load,261328126036227.03
25/12/2018 16:30,3.42,0.0,14.0,0.0,100.0,23.73,59400,Weekday,Tuesday,Light_Load,261035702552106.03
25/12/2018 16:45,3.46,0.0,13.93,0.0,100.0,24.11,60300,Weekday,Tuesday,Light_Load,261328126033783.72
25/12/2018 17:00,3.42,0.0,13.93,0.0,100.0,23.84,61200,Weekday,Tuesday,Light_Load,261145061051988.53
25/12/2018 17:15,3.46,0.0,14.0,0.0,100.0,23.99,62100,Weekday,Tuesday,Light_Load,261211987344551.06
25/12/2018 17:30,4.0,0.0,19.22,0.0,100.0,20.38,63000,Weekday,Tuesday,Light_Load,256171009463874.94
25/12/2018 17:45,4.0,0.0,19.76,0.0,100.0,19.84,63900,Weekday,Tuesday,Light_Load,255536603851090.94
25/12/2018 18:00,3.38,0.0,10.58,0.0,100.0,30.43,64800,Weekday,Tuesday,Light_Load,277611362345083.62
25/12/2018 18:15,3.38,0.0,6.77,0.0,100.0,44.67,65700,Weekday,Tuesday,Light_Load,289159178778751.56
25/12/2018 18:30,3.74,0.0,11.63,0.0,100.0,30.61,66600,Weekday,Tuesday,Light_Load,277211758564998.0
25/12/2018 18:45,4.1,0.0,21.31,0.0,100.0,18.89,67500,Weekday,Tuesday,Light_Load,264456292932908.06
25/12/2018 19:00,4.18,0.0,21.31,0.0,100.0,19.25,68400,Weekday,Tuesday,Light_Load,264700379572453.62
25/12/2018 19:15,4.1,0.0,21.2,0.0,100.0,18.99,69300,Weekday,Tuesday,Light_Load,264578743518725.75
25/12/2018 19:30,4.18,0.0,21.24,0.0,100.0,19.31,70200,Weekday,Tuesday,Light_Load,264775837150006.38
25/12/2018 19:45,3.64,0.0,15.59,0.0,100.0,22.74,71100,Weekday,Tuesday,Light_Load,269908398614666.44
25/12/2018 20:00,3.46,0.0,14.08,0.0,100.0,23.86,72000,Weekday,Tuesday,Light_Load,271417957481243.94
25/12/2018 20:15,3.46,0.0,14.11,0.0,100.0,23.82,72900,Weekday,Tuesday,Light_Load,271375932539358.62
25/12/2018 20:30,3.38,0.0,14.11,0.0,100.0,23.3,73800,Weekday,Tuesday,Light_Load,271023362945919.06
25/12/2018 20:45,3.42,0.0,14.29,0.0,100.0,23.28,74700,Weekday,Tuesday,Light_Load,270920377358961.62
25/12/2018 21:00,3.42,0.0,14.26,0.0,100.0,23.32,75600,Weekday,Tuesday,Light_Load,270962402298404.56
25/12/2018 21:15,3.42,0.0,14.29,0.0,100.0,23.28,76500,Weekday,Tuesday,Light_Load,270920377356519.25
25/12/2018 21:30,4.03,0.0,20.45,0.0,100.0,19.33,77400,Weekday,Tuesday,Light_Load,265181874849585.7
25/12/2018 21:45,4.14,0.0,21.49,0.0,100.0,18.92,78300,Weekday,Tuesday,Light_Load,264387208254843.94
25/12/2018 22:00,3.49,0.0,15.08,0.0,100.0,22.55,79200,Weekday,Tuesday,Light_Load,291623465691257.44
25/12/2018 22:15,3.2,2.3,0.32,0.0,81.2,99.5,80100,Weekday,Tuesday,Light_Load,366655026533555.25
25/12/2018 22:30,3.85,3.31,0.04,0.0,75.83,99.99,81000,Weekday,Tuesday,Light_Load,371592559046672.0
25/12/2018 22:45,3.89,3.56,0.0,0.0,73.77,100.0,81900,Weekday,Tuesday,Light_Load,373320193155956.9
25/12/2018 23:00,3.89,3.49,0.04,0.0,74.43,99.99,82800,Weekday,Tuesday,Light_Load,372749470159643.44
25/12/2018 23:15,3.85,3.17,0.18,0.0,77.2,99.89,83700,Weekday,Tuesday,Light_Load,370326320621758.56
25/12/2018 23:30,3.64,2.88,0.18,0.0,78.42,99.88,84600,Weekday,Tuesday,Light_Load,369299452314042.44
25/12/2018 23:45,3.31,2.27,0.14,0.0,82.47,99.91,85500,Weekday,Tuesday,Light_Load,365984891165502.56
25/12/2018 00:00,3.13,2.23,0.11,0.0,81.44,99.94,0,Weekday,Tuesday,Light_Load,366855851380805.94
26/12/2018 00:15,3.24,2.3,0.07,0.0,81.54,99.98,900,Weekday,Wednesday,Light_Load,367852240714497.0
26/12/2018 00:30,3.24,2.48,0.0,0.0,79.41,100.0,1800,Weekday,Wednesday,Light_Load,369652330442651.7
26/12/2018 00:45,3.2,2.48,0.04,0.0,79.04,99.99,2700,Weekday,Wednesday,Light_Load,369927173112027.6
26/12/2018 01:00,3.31,2.56,0.0,0.0,79.1,100.0,3600,Weekday,Wednesday,Light_Load,369912098342279.1
26/12/2018 01:15,3.24,2.56,0.0,0.0,78.46,100.0,4500,Weekday,Wednesday,Light_Load,370433603444936.6
26/12/2018 01:30,3.28,2.7,0.0,0.0,77.21,100.0,5400,Weekday,Wednesday,Light_Load,371464704867641.0
26/12/2018 01:45,3.24,2.63,0.0,0.0,77.64,100.0,6300,Weekday,Wednesday,Light_Load,371108050240794.56
26/12/2018 02:00,3.24,2.63,0.0,0.0,77.64,100.0,7200,Weekday,Wednesday,Light_Load,371108050239573.9
26/12/2018 02:15,3.78,3.53,0.0,0.0,73.09,100.0,8100,Weekday,Wednesday,Light_Load,374896219094248.9
26/12/2018 02:30,3.96,3.85,0.0,0.0,71.7,100.0,9000,Weekday,Wednesday,Light_Load,376057518460027.94
26/12/2018 02:45,4.97,4.18,0.0,0.0,76.53,100.0,9900,Weekday,Wednesday,Light_Load,372151335580903.4
26/12/2018 03:00,4.36,4.14,0.0,0.0,72.52,100.0,10800,Weekday,Wednesday,Light_Load,375415309062486.6
26/12/2018 03:15,3.71,3.74,0.0,0.0,70.43,100.0,11700,Weekday,Wednesday,Light_Load,377082529829229.06
26/12/2018 03:30,3.28,2.7,0.0,0.0,77.21,100.0,12600,Weekday,Wednesday,Light_Load,371464704857869.7
26/12/2018 03:45,3.31,2.74,0.0,0.0,77.03,100.0,13500,Weekday,Wednesday,Light_Load,371614960100803.25
26/12/2018 04:00,3.28,2.81,0.0,0.0,75.94,100.0,14400,Weekday,Wednesday,Light_Load,372509416863582.75
26/12/2018 04:15,3.28,2.66,0.0,0.0,77.67,100.0,15300,Weekday,Wednesday,Light_Load,371086291127103.4
26/12/2018 04:30,3.2,2.52,0.0,0.0,78.56,100.0,16200,Weekday,Wednesday,Light_Load,370348536322887.75
26/12/2018 04:45,3.24,2.48,0.0,0.0,79.41,100.0,17100,Weekday,Wednesday,Light_Load,369652330421887.4
26/12/2018 05:00,3.28,2.52,0.0,0.0,79.3,100.0,18000,Weekday,Wednesday,Light_Load,369745546044085.06
26/12/2018 05:15,3.2,2.52,0.04,0.0,78.56,99.99,18900,Weekday,Wednesday,Light_Load,370321883851436.06
26/12/2018 05:30,3.24,2.38,0.0,0.0,80.59,100.0,19800,Weekday,Wednesday,Light_Load,368681850548723.3
26/12/2018 05:45,3.2,2.41,0.04,0.0,79.88,99.99,20700,Weekday,Wednesday,Light_Load,369236429255160.75
26/12/2018 06:00,4.79,3.42,0.0,0.0,81.38,100.0,21600,Weekday,Wednesday,Light_Load,357999395366452.06
26/12/2018 06:15,4.86,3.31,0.0,0.0,82.65,100.0,22500,Weekday,Wednesday,Light_Load,356954683357075.06
26/12/2018 06:30,3.92,3.56,0.04,0.0,74.03,99.99,23400,Weekday,Wednesday,Light_Load,363974439836163.2
26/12/2018 06:45,3.82,3.35,0.04,0.0,75.18,99.99,24300,Weekday,Wednesday,Light_Load,363018555200617.4
26/12/2018 07:00,3.35,2.63,0.04,0.0,78.66,99.99,25200,Weekday,Wednesday,Light_Load,360118396394341.0
26/12/2018 07:15,3.17,2.3,0.04,0.0,80.94,99.99,26100,Weekday,Wednesday,Light_Load,358230983509306.3
26/12/2018 07:30,3.42,2.41,0.11,0.0,81.74,99.95,27000,Weekday,Wednesday,Light_Load,357527055234250.25
26/12/2018 07:45,4.82,3.06,0.32,0.0,84.42,99.78,27900,Weekday,Wednesday,Light_Load,355181866474126.1
26/12/2018 08:00,5.0,2.41,0.79,0.0,90.08,98.77,28800,Weekday,Wednesday,Light_Load,349593301483108.75
26/12/2018 08:15,34.52,21.92,0.14,0.02,84.42,100.0,29700,Weekday,Wednesday,Light_Load,357109337384442.8
26/12/2018 08:30,48.06,30.53,0.0,0.02,84.41,100.0,30600,Weekday,Wednesday,Light_Load,357958050185871.2
26/12/2018 08:45,78.23,53.53,0.0,0.04,82.53,100.0,31500,Weekday,Wednesday,Light_Load,361549583298547.8
26/12/2018 09:00,51.08,12.78,0.0,0.02,97.01,100.0,32400,Weekday,Wednesday,Light_Load,346101435376253.75
26/12/2018 09:15,70.99,34.49,0.0,0.03,89.95,100.0,33300,Weekday,Wednesday,Medium_Load,354330862703247.44
26/12/2018 09:30,65.74,36.9,0.0,0.03,87.2,100.0,34200,Weekday,Wednesday,Medium_Load,356787516450027.1
26/12/2018 09:45,52.96,20.63,0.0,0.02,93.18,100.0,35100,Weekday,Wednesday,Medium_Load,350457751606378.3
26/12/2018 10:00,55.44,22.82,0.0,0.03,92.47,100.0,36000,Weekday,Wednesday,Medium_Load,351232407199254.2
26/12/2018 10:15,52.06,19.22,0.0,0.02,93.81,100.0,36900,Weekday,Wednesday,Maximum_Load,342650458038540.56
26/12/2018 10:30,57.64,23.65,0.0,0.03,92.52,100.0,37800,Weekday,Wednesday,Maximum_Load,344098315918397.4
26/12/2018 10:45,62.21,28.98,0.0,0.03,90.65,100.0,38700,Weekday,Wednesday,Maximum_Load,346099381306649.94
26/12/2018 11:00,45.58,11.16,0.0,0.02,97.13,100.0,39600,Weekday,Wednesday,Maximum_Load,339223390670142.7
26/12/2018 11:15,54.58,18.36,0.0,0.03,94.78,100.0,40500,Weekday,Wednesday,Maximum_Load,341783040286272.0
26/12/2018 11:30,55.15,24.08,0.0,0.03,91.65,100.0,41400,Weekday,Wednesday,Maximum_Load,344845742701255.75
26/12/2018 11:45,58.64,20.38,0.0,0.03,94.46,100.0,42300,Weekday,Wednesday,Maximum_Load,342224680487069.56
26/12/2018 12:00,31.28,4.32,6.62,0.01,99.06,97.83,43200,Weekday,Wednesday,Maximum_Load,310485531732291.7
26/12/2018 12:15,6.77,0.0,21.89,0.0,100.0,29.55,44100,Weekday,Wednesday,Medium_Load,262619057352134.75
26/12/2018 12:30,7.09,0.0,21.53,0.0,100.0,31.28,45000,Weekday,Wednesday,Medium_Load,263970879697092.9
26/12/2018 12:45,6.95,0.0,20.99,0.0,100.0,31.43,45900,Weekday,Wednesday,Medium_Load,264340858113270.16
26/12/2018 13:00,6.41,0.0,21.1,0.0,100.0,29.07,46800,Weekday,Wednesday,Medium_Load,262686085834535.1
26/12/2018 13:15,20.66,1.94,11.27,0.01,99.56,87.79,47700,Weekday,Wednesday,Medium_Load,307915198000000.0
26/12/2018 13:30,59.9,23.9,0.0,0.03,92.88,100.0,48600,Weekday,Wednesday,Medium_Load,329202506543930.0
26/12/2018 13:45,55.3,15.77,0.0,0.03,96.17,100.0,49500,Weekday,Wednesday,Medium_Load,325793616345762.6
26/12/2018 14:00,51.41,14.54,0.07,0.02,96.23,100.0,50400,Weekday,Wednesday,Medium_Load,325599804232350.44
26/12/2018 14:15,57.02,20.52,0.0,0.03,94.09,100.0,51300,Weekday,Wednesday,Medium_Load,327913862556512.7
26/12/2018 14:30,43.06,8.06,0.04,0.02,98.29,100.0,52200,Weekday,Wednesday,Medium_Load,323355840655190.3
26/12/2018 14:45,41.4,8.75,0.0,0.02,97.84,100.0,53100,Weekday,Wednesday,Medium_Load,323804184597998.9
26/12/2018 15:00,52.92,17.89,0.0,0.02,94.73,100.0,54000,Weekday,Wednesday,Medium_Load,327156845308908.7
26/12/2018 15:15,53.42,21.82,0.0,0.02,92.58,100.0,54900,Weekday,Wednesday,Medium_Load,329260701500988.7
26/12/2018 15:30,40.68,9.25,0.0,0.02,97.51,100.0,55800,Weekday,Wednesday,Medium_Load,324117859834637.0
26/12/2018 15:45,40.64,6.44,0.04,0.02,98.77,100.0,56700,Weekday,Wednesday,Medium_Load,322819643515070.1
26/12/2018 16:00,41.47,7.6,0.0,0.02,98.36,100.0,57600,Weekday,Wednesday,Medium_Load,323277481101428.3
26/12/2018 16:15,56.2,19.73,0.0,0.03,94.35,100.0,58500,Weekday,Wednesday,Medium_Load,327631257907930.25
26/12/2018 16:30,59.04,27.36,0.0,0.03,90.73,100.0,59400,Weekday,Wednesday,Medium_Load,331264275001727.75
26/12/2018 16:45,54.68,22.18,0.0,0.03,92.67,100.0,60300,Weekday,Wednesday,Medium_Load,329219602241629.3
26/12/2018 17:00,57.67,24.12,0.0,0.03,92.26,100.0,61200,Weekday,Wednesday,Medium_Load,329727415231504.4
26/12/2018 17:15,54.79,21.1,0.0,0.03,93.32,100.0,62100,Weekday,Wednesday,Maximum_Load,321425562592230.7
26/12/2018 17:30,34.42,2.63,4.72,0.02,99.71,99.07,63000,Weekday,Wednesday,Maximum_Load,311589217112391.44
26/12/2018 17:45,9.5,0.0,19.98,0.0,100.0,42.94,63900,Weekday,Wednesday,Maximum_Load,265478951420298.03
26/12/2018 18:00,5.22,0.0,17.28,0.0,100.0,28.92,64800,Weekday,Wednesday,Maximum_Load,267648368139175.94
26/12/2018 18:15,5.04,0.0,11.59,0.0,100.0,39.88,65700,Weekday,Wednesday,Maximum_Load,277906280776930.56
26/12/2018 18:30,5.04,0.0,14.94,0.0,100.0,31.97,66600,Weekday,Wednesday,Maximum_Load,270878852217236.5
26/12/2018 18:45,5.08,0.0,22.1,0.0,100.0,22.4,67500,Weekday,Wednesday,Maximum_Load,260833079280539.25
26/12/2018 19:00,5.08,0.0,22.25,0.0,100.0,22.26,68400,Weekday,Wednesday,Maximum_Load,260663635682794.8
26/12/2018 19:15,4.68,0.0,22.14,0.0,100.0,20.68,69300,Weekday,Wednesday,Maximum_Load,259647015279590.7
26/12/2018 19:30,3.92,0.0,22.14,0.0,100.0,17.43,70200,Weekday,Wednesday,Maximum_Load,257443455327007.25
26/12/2018 19:45,3.89,0.0,22.1,0.0,100.0,17.34,71100,Weekday,Wednesday,Maximum_Load,257402305935995.06
26/12/2018 20:00,3.85,0.0,22.07,0.0,100.0,17.18,72000,Weekday,Wednesday,Maximum_Load,257308727186123.44
26/12/2018 20:15,3.89,0.0,22.0,0.0,100.0,17.41,72900,Weekday,Wednesday,Medium_Load,264667121717037.75
26/12/2018 20:30,3.89,0.0,21.92,0.0,100.0,17.47,73800,Weekday,Wednesday,Medium_Load,264747547363412.38
26/12/2018 20:45,3.96,0.0,21.74,0.0,100.0,17.92,74700,Weekday,Wednesday,Medium_Load,265142080879952.88
26/12/2018 21:00,3.89,0.0,21.74,0.0,100.0,17.61,75600,Weekday,Wednesday,Medium_Load,264931895160294.56
26/12/2018 21:15,3.96,0.0,21.67,0.0,100.0,17.98,76500,Weekday,Wednesday,Medium_Load,265217538457506.62
26/12/2018 21:30,4.0,0.0,21.56,0.0,100.0,18.24,77400,Weekday,Wednesday,Medium_Load,265448471995996.5
26/12/2018 21:45,3.96,0.0,21.74,0.0,100.0,17.92,78300,Weekday,Wednesday,Medium_Load,265142080875067.25
26/12/2018 22:00,4.07,0.0,21.06,0.0,100.0,18.97,79200,Weekday,Wednesday,Medium_Load,287782347984383.8
26/12/2018 22:15,4.0,3.1,0.43,0.0,79.04,99.43,80100,Weekday,Wednesday,Maximum_Load,362774053834543.94
26/12/2018 22:30,4.9,3.17,0.0,0.0,83.96,100.0,81000,Weekday,Wednesday,Maximum_Load,359371349168462.5
26/12/2018 22:45,4.1,3.13,0.07,0.0,79.49,99.99,81900,Weekday,Wednesday,Maximum_Load,362968597769740.0
26/12/2018 23:00,3.71,3.06,0.11,0.0,77.14,99.96,82800,Weekday,Wednesday,Maximum_Load,364837018114429.9
26/12/2018 23:15,3.74,2.77,0.25,0.0,80.36,99.78,83700,Weekday,Wednesday,Light_Load,368630824449722.3
26/12/2018 23:30,3.64,2.52,0.36,0.0,82.22,99.51,84600,Weekday,Wednesday,Light_Load,366855099431899.3
26/12/2018 23:45,3.67,2.56,0.36,0.0,82.02,99.52,85500,Weekday,Wednesday,Light_Load,367028431893589.6
26/12/2018 00:00,3.67,2.66,0.25,0.0,80.97,99.77,0,Weekday,Wednesday,Light_Load,368117134509631.1
27/12/2018 00:15,3.64,2.81,0.22,0.0,79.16,99.82,900,Weekday,Thursday,Light_Load,370678866621547.4
27/12/2018 00:30,3.74,2.99,0.22,0.0,78.11,99.83,1800,Weekday,Thursday,Light_Load,371557359816521.1
27/12/2018 00:45,3.71,3.02,0.07,0.0,77.55,99.98,2700,Weekday,Thursday,Light_Load,372192587012297.9
27/12/2018 01:00,3.71,3.1,0.11,0.0,76.74,99.96,3600,Weekday,Thursday,Light_Load,372826348135809.06
27/12/2018 01:15,3.67,3.13,0.07,0.0,76.09,99.98,4500,Weekday,Thursday,Light_Load,373392120845161.0
27/12/2018 01:30,3.67,3.02,0.11,0.0,77.22,99.96,5400,Weekday,Thursday,Light_Load,372428055438488.3
27/12/2018 01:45,3.78,3.42,0.0,0.0,74.15,100.0,6300,Weekday,Thursday,Light_Load,375047239066281.25
27/12/2018 02:00,4.18,3.42,0.0,0.0,77.4,100.0,7200,Weekday,Thursday,Light_Load,372398970959424.06
27/12/2018 02:15,4.86,3.53,0.0,0.0,80.91,100.0,8100,Weekday,Thursday,Light_Load,369548691721760.06
27/12/2018 02:30,4.21,3.67,0.0,0.0,75.38,100.0,9000,Weekday,Thursday,Light_Load,374067358526656.5
27/12/2018 02:45,3.71,3.38,0.04,0.0,73.92,99.99,9900,Weekday,Thursday,Light_Load,375204420552215.8
27/12/2018 03:00,3.78,3.31,0.04,0.0,75.23,99.99,10800,Weekday,Thursday,Light_Load,374130696407895.3
27/12/2018 03:15,3.67,3.28,0.04,0.0,74.56,99.99,11700,Weekday,Thursday,Light_Load,374673960612184.2
27/12/2018 03:30,3.71,3.17,0.07,0.0,76.03,99.98,12600,Weekday,Thursday,Light_Load,373444593871140.7
27/12/2018 03:45,3.24,2.63,0.04,0.0,77.64,99.99,13500,Weekday,Thursday,Light_Load,372106010878206.56
27/12/2018 04:00,3.02,2.12,0.07,0.0,81.85,99.97,14400,Weekday,Thursday,Light_Load,368601350891875.75
27/12/2018 04:15,2.99,2.2,0.04,0.0,80.55,99.99,15300,Weekday,Thursday,Light_Load,369696286571610.06
27/12/2018 04:30,2.99,2.12,0.07,0.0,81.58,99.97,16200,Weekday,Thursday,Light_Load,368821360855131.44
27/12/2018 04:45,2.95,2.09,0.07,0.0,81.6,99.97,17100,Weekday,Thursday,Light_Load,368802377369300.56
27/12/2018 05:00,2.95,2.05,0.11,0.0,82.12,99.93,18000,Weekday,Thursday,Light_Load,368328079529429.56
27/12/2018 05:15,2.95,2.02,0.11,0.0,82.51,99.93,18900,Weekday,Thursday,Light_Load,368007600905418.56
27/12/2018 05:30,2.95,1.98,0.18,0.0,83.03,99.81,19800,Weekday,Thursday,Light_Load,367464157387020.25
27/12/2018 05:45,2.95,2.05,0.14,0.0,82.12,99.89,20700,Weekday,Thursday,Light_Load,368286054585100.7
27/12/2018 06:00,3.42,2.66,0.07,0.0,78.94,99.98,21600,Weekday,Thursday,Light_Load,360895853094659.56
27/12/2018 06:15,3.74,2.84,0.14,0.0,79.64,99.93,22500,Weekday,Thursday,Light_Load,360272898191216.75
27/12/2018 06:30,4.86,2.88,0.0,0.0,86.03,100.0,23400,Weekday,Thursday,Light_Load,355186591854368.25
27/12/2018 06:45,4.21,2.92,0.04,0.0,82.17,100.0,24300,Weekday,Thursday,Light_Load,358315629159234.2
27/12/2018 07:00,3.6,2.56,0.29,0.0,81.5,99.68,25200,Weekday,Thursday,Light_Load,358488174819368.56
27/12/2018 07:15,2.88,1.73,0.32,0.0,85.72,99.39,26100,Weekday,Thursday,Light_Load,354763645867343.7
27/12/2018 07:30,3.2,1.87,0.36,0.0,86.34,99.37,27000,Weekday,Thursday,Light_Load,354237541924600.6
27/12/2018 07:45,4.9,2.3,0.47,0.0,90.52,99.54,27900,Weekday,Thursday,Light_Load,350930581890935.5
27/12/2018 08:00,5.65,2.81,0.29,0.0,89.54,99.87,28800,Weekday,Thursday,Light_Load,352087977536124.44
27/12/2018 08:15,32.0,23.26,0.07,0.01,80.89,100.0,29700,Weekday,Thursday,Light_Load,361165148333485.7
27/12/2018 08:30,52.63,40.18,0.0,0.02,79.48,100.0,30600,Weekday,Thursday,Light_Load,363864023807229.56
27/12/2018 08:45,73.66,51.77,0.0,0.03,81.81,100.0,31500,Weekday,Thursday,Light_Load,363003284573624.75
27/12/2018 09:00,63.47,29.23,0.0,0.03,90.83,100.0,32400,Weekday,Thursday,Light_Load,353634902380779.3
27/12/2018 09:15,56.77,19.8,0.0,0.03,94.42,100.0,33300,Weekday,Thursday,Medium_Load,350397623461541.5
27/12/2018 09:30,53.93,19.26,0.0,0.02,94.17,100.0,34200,Weekday,Thursday,Medium_Load,350552980286719.0
27/12/2018 09:45,59.4,23.87,0.0,0.03,92.79,100.0,35100,Weekday,Thursday,Medium_Load,352090293523410.0
27/12/2018 10:00,76.03,38.45,0.0,0.03,89.24,100.0,36000,Weekday,Thursday,Medium_Load,356288631974959.0
27/12/2018 10:15,47.81,13.32,0.0,0.02,96.33,100.0,36900,Weekday,Thursday,Maximum_Load,341093309588404.0
27/12/2018 10:30,45.83,12.28,0.0,0.02,96.59,100.0,37800,Weekday,Thursday,Maximum_Load,340788317862813.9
27/12/2018 10:45,52.63,19.48,0.0,0.02,93.78,100.0,38700,Weekday,Thursday,Maximum_Load,343722799272356.06
27/12/2018 11:00,68.69,33.88,0.0,0.03,89.68,100.0,39600,Weekday,Thursday,Maximum_Load,348353187470950.4
27/12/2018 11:15,51.16,14.94,0.0,0.02,95.99,100.0,40500,Weekday,Thursday,Maximum_Load,341515427484364.2
27/12/2018 11:30,51.52,14.65,0.0,0.02,96.19,100.0,41400,Weekday,Thursday,Maximum_Load,341326488118934.0
27/12/2018 11:45,54.83,15.19,0.0,0.03,96.37,100.0,42300,Weekday,Thursday,Maximum_Load,341228170912050.0
27/12/2018 12:00,59.62,24.44,0.0,0.03,92.53,100.0,43200,Weekday,Thursday,Maximum_Load,323393000059058.75
27/12/2018 12:15,13.54,1.04,16.38,0.01,99.71,63.71,44100,Weekday,Thursday,Medium_Load,289871623121111.2
27/12/2018 12:30,6.62,0.0,21.35,0.0,100.0,29.62,45000,Weekday,Thursday,Medium_Load,263959407408121.47
27/12/2018 12:45,6.59,0.0,21.56,0.0,100.0,29.23,45900,Weekday,Thursday,Medium_Load,263590650793131.2
27/12/2018 13:00,17.82,1.19,13.97,0.01,99.78,78.7,46800,Weekday,Thursday,Medium_Load,301188816553060.9
27/12/2018 13:15,40.57,3.31,0.61,0.02,99.67,99.99,47700,Weekday,Thursday,Medium_Load,322540643757679.9
27/12/2018 13:30,43.7,6.98,0.22,0.02,98.75,100.0,48600,Weekday,Thursday,Medium_Load,323819484561317.0
27/12/2018 13:45,46.84,12.85,0.0,0.02,96.44,100.0,49500,Weekday,Thursday,Medium_Load,326336738336291.7
27/12/2018 14:00,53.32,17.39,0.0,0.02,95.07,100.0,50400,Weekday,Thursday,Medium_Load,327859634671779.3
27/12/2018 14:15,55.01,18.83,0.0,0.03,94.61,100.0,51300,Weekday,Thursday,Medium_Load,328363416076779.9
27/12/2018 14:30,61.74,23.15,0.0,0.03,93.63,100.0,52200,Weekday,Thursday,Medium_Load,329548819604299.8
27/12/2018 14:45,54.14,18.18,0.0,0.02,94.8,100.0,53100,Weekday,Thursday,Medium_Load,328150387824173.75
27/12/2018 15:00,53.5,16.34,0.0,0.02,95.64,100.0,54000,Weekday,Thursday,Medium_Load,327301143424411.56
27/12/2018 15:15,44.75,13.57,0.0,0.02,95.7,100.0,54900,Weekday,Thursday,Medium_Load,327004203411728.6
27/12/2018 15:30,42.95,8.53,0.0,0.02,98.08,100.0,55800,Weekday,Thursday,Medium_Load,324613532660625.2
27/12/2018 15:45,60.84,27.0,0.0,0.03,91.4,100.0,56700,Weekday,Thursday,Medium_Load,331710700062101.2
27/12/2018 16:00,63.04,26.32,0.0,0.03,92.28,100.0,57600,Weekday,Thursday,Medium_Load,330932737670331.44
27/12/2018 16:15,59.58,25.78,0.0,0.03,91.78,100.0,58500,Weekday,Thursday,Medium_Load,331291807426712.0
27/12/2018 16:30,63.22,29.63,0.0,0.03,90.55,100.0,59400,Weekday,Thursday,Medium_Load,332638836164587.3
27/12/2018 16:45,45.79,8.93,0.25,0.02,98.15,100.0,60300,Weekday,Thursday,Medium_Load,324468110634869.4
27/12/2018 17:00,41.58,2.56,0.9,0.02,99.81,99.98,61200,Weekday,Thursday,Medium_Load,322208549100188.2
27/12/2018 17:15,54.58,12.06,0.29,0.03,97.64,100.0,62100,Weekday,Thursday,Maximum_Load,317976425220580.2
27/12/2018 17:30,36.72,1.3,5.9,0.02,99.94,98.73,63000,Weekday,Thursday,Maximum_Load,311490556794214.0
27/12/2018 17:45,29.38,0.0,9.65,0.01,100.0,95.01,63900,Weekday,Thursday,Maximum_Load,306939998879931.94
27/12/2018 18:00,28.48,0.83,5.29,0.01,99.96,98.32,64800,Weekday,Thursday,Maximum_Load,321791093688342.75
27/12/2018 18:15,48.56,18.72,0.22,0.02,93.31,100.0,65700,Weekday,Thursday,Maximum_Load,332469758671399.44
27/12/2018 18:30,53.82,19.37,0.07,0.02,94.09,100.0,66600,Weekday,Thursday,Maximum_Load,331966901757953.25
27/12/2018 18:45,53.5,11.77,0.22,0.02,97.66,100.0,67500,Weekday,Thursday,Maximum_Load,328302792723182.6
27/12/2018 19:00,53.14,12.89,0.22,0.02,97.18,100.0,68400,Weekday,Thursday,Maximum_Load,328794215687423.4
27/12/2018 19:15,51.01,10.15,0.36,0.02,98.08,100.0,69300,Weekday,Thursday,Maximum_Load,327745933743813.4
27/12/2018 19:30,47.99,7.42,0.25,0.02,98.83,100.0,70200,Weekday,Thursday,Maximum_Load,326944976732303.8
27/12/2018 19:45,49.18,10.22,0.32,0.02,97.91,100.0,71100,Weekday,Thursday,Maximum_Load,327910599188586.1
27/12/2018 20:00,50.33,11.81,0.25,0.02,97.36,100.0,72000,Weekday,Thursday,Maximum_Load,328535925965202.6
27/12/2018 20:15,50.04,10.4,0.14,0.02,97.91,100.0,72900,Weekday,Thursday,Medium_Load,335183816919850.7
27/12/2018 20:30,40.93,3.46,0.54,0.02,99.64,99.99,73800,Weekday,Thursday,Medium_Load,332947155086754.75
27/12/2018 20:45,14.51,0.5,16.63,0.01,99.94,65.74,74700,Weekday,Thursday,Medium_Load,301221883926364.2
27/12/2018 21:00,8.35,0.0,20.99,0.0,100.0,36.96,75600,Weekday,Thursday,Medium_Load,279448770287032.5
27/12/2018 21:15,5.26,0.0,22.43,0.0,100.0,22.83,76500,Weekday,Thursday,Medium_Load,269152967901301.56
27/12/2018 21:30,5.26,0.0,22.32,0.0,100.0,22.94,77400,Weekday,Thursday,Medium_Load,269282198672805.62
27/12/2018 21:45,5.26,0.0,22.39,0.0,100.0,22.87,78300,Weekday,Thursday,Medium_Load,269199960907122.2
27/12/2018 22:00,4.5,0.0,22.14,0.0,100.0,19.92,79200,Weekday,Thursday,Medium_Load,288914527323337.0
27/12/2018 22:15,3.89,2.52,0.86,0.0,83.93,97.64,80100,Weekday,Thursday,Maximum_Load,358334824054058.2
27/12/2018 22:30,3.85,2.7,0.36,0.0,81.87,99.57,81000,Weekday,Thursday,Maximum_Load,361586516288523.7
27/12/2018 22:45,3.82,2.56,0.4,0.0,83.07,99.46,81900,Weekday,Thursday,Maximum_Load,360501703150810.56
27/12/2018 23:00,3.82,2.52,0.4,0.0,83.47,99.46,82800,Weekday,Thursday,Maximum_Load,360172180526181.3
27/12/2018 23:15,3.82,2.23,0.54,0.0,86.36,99.02,83700,Weekday,Thursday,Light_Load,364058603134553.44
27/12/2018 23:30,3.78,1.91,0.68,0.0,89.25,98.42,84600,Weekday,Thursday,Light_Load,361198662166408.1
27/12/2018 23:45,3.74,1.91,0.65,0.0,89.06,98.52,85500,Weekday,Thursday,Light_Load,361436190040358.7
27/12/2018 00:00,3.74,2.05,0.65,0.0,87.69,98.52,0,Weekday,Thursday,Light_Load,362565073786577.75
28/12/2018 00:15,3.74,2.23,0.5,0.0,85.89,99.12,900,Weekday,Friday,Light_Load,365553870788178.3
28/12/2018 00:30,3.78,2.34,0.5,0.0,85.03,99.14,1800,Weekday,Friday,Light_Load,366278053956306.7
28/12/2018 00:45,3.85,2.41,0.47,0.0,84.76,99.26,2700,Weekday,Friday,Light_Load,366600598720770.6
28/12/2018 01:00,4.14,2.27,0.36,0.0,87.68,99.62,3600,Weekday,Friday,Light_Load,364507430300276.0
28/12/2018 01:15,4.9,2.05,0.14,0.0,92.25,99.96,4500,Weekday,Friday,Light_Load,361103681041545.56
28/12/2018 01:30,4.14,2.3,0.36,0.0,87.42,99.62,5400,Weekday,Friday,Light_Load,364721978196396.6
28/12/2018 01:45,3.82,2.38,0.47,0.0,84.87,99.25,6300,Weekday,Friday,Light_Load,366501498391576.94
28/12/2018 02:00,3.85,2.63,0.36,0.0,82.57,99.57,7200,Weekday,Friday,Light_Load,368669659088203.06
28/12/2018 02:15,3.82,2.56,0.4,0.0,83.07,99.46,8100,Weekday,Friday,Light_Load,368161510541454.8
28/12/2018 02:30,3.82,2.63,0.32,0.0,82.37,99.65,9000,Weekday,Friday,Light_Load,368906743176848.9
28/12/2018 02:45,3.82,2.59,0.36,0.0,82.77,99.56,9900,Weekday,Friday,Light_Load,368496326621626.1
28/12/2018 03:00,3.82,2.56,0.4,0.0,83.07,99.46,10800,Weekday,Friday,Light_Load,368161510537790.8
28/12/2018 03:15,3.89,2.66,0.32,0.0,82.55,99.66,11700,Weekday,Friday,Light_Load,368769536497297.56
28/12/2018 03:30,3.89,2.77,0.32,0.0,81.46,99.66,12600,Weekday,Friday,Light_Load,369667575193201.2
28/12/2018 03:45,3.85,2.66,0.32,0.0,82.27,99.66,13500,Weekday,Friday,Light_Load,368997694977801.3
28/12/2018 04:00,3.82,2.66,0.36,0.0,82.06,99.56,14400,Weekday,Friday,Light_Load,369081139723732.8
28/12/2018 04:15,4.07,2.63,0.25,0.0,83.99,99.81,15300,Weekday,Friday,Light_Load,367729942798758.5
28/12/2018 04:30,5.04,2.41,0.04,0.0,90.22,100.0,16200,Weekday,Friday,Light_Load,362866868842257.25
28/12/2018 04:45,4.1,2.7,0.22,0.0,83.52,99.86,17100,Weekday,Friday,Light_Load,368167996615702.9
28/12/2018 05:00,3.82,2.66,0.32,0.0,82.06,99.65,18000,Weekday,Friday,Light_Load,369162033649439.7
28/12/2018 05:15,3.89,2.7,0.29,0.0,82.15,99.72,18900,Weekday,Friday,Light_Load,369154644420529.9
28/12/2018 05:30,3.38,2.2,0.36,0.0,83.81,99.44,19800,Weekday,Friday,Light_Load,367532594749329.5
28/12/2018 05:45,3.17,1.91,0.36,0.0,85.65,99.36,20700,Weekday,Friday,Light_Load,365953057080970.25
28/12/2018 06:00,3.06,1.84,0.4,0.0,85.7,99.16,21600,Weekday,Friday,Light_Load,355618717557051.0
28/12/2018 06:15,3.06,1.8,0.4,0.0,86.19,99.16,22500,Weekday,Friday,Light_Load,355215858277187.9
28/12/2018 06:30,3.1,1.87,0.36,0.0,85.63,99.33,23400,Weekday,Friday,Light_Load,355813579031775.9
28/12/2018 06:45,3.06,1.91,0.32,0.0,84.83,99.46,24300,Weekday,Friday,Light_Load,356577057012342.7
28/12/2018 07:00,3.1,1.94,0.29,0.0,84.77,99.57,25200,Weekday,Friday,Light_Load,356718120796647.5
28/12/2018 07:15,3.38,2.16,0.29,0.0,84.26,99.63,26100,Weekday,Friday,Light_Load,357194076916035.9
28/12/2018 07:30,4.97,2.27,0.07,0.0,90.96,99.99,27000,Weekday,Friday,Light_Load,352097804803632.75
28/12/2018 07:45,6.7,2.3,0.32,0.0,94.58,99.89,27900,Weekday,Friday,Light_Load,348958724474042.75
28/12/2018 08:00,6.16,2.23,0.79,0.0,94.03,99.19,28800,Weekday,Friday,Light_Load,348692512448058.8
28/12/2018 08:15,35.75,25.56,0.22,0.02,81.35,100.0,29700,Weekday,Friday,Light_Load,361946369816924.0
28/12/2018 08:30,57.78,40.86,0.0,0.03,81.65,100.0,30600,Weekday,Friday,Light_Load,363181301552641.4
28/12/2018 08:45,57.74,36.9,0.0,0.03,84.26,100.0,31500,Weekday,Friday,Light_Load,360699927114438.0
28/12/2018 09:00,66.46,28.15,0.0,0.03,92.08,100.0,32400,Weekday,Friday,Light_Load,353544238630695.3
28/12/2018 09:15,66.82,28.8,0.0,0.03,91.83,100.0,33300,Weekday,Friday,Medium_Load,354338637624394.6
28/12/2018 09:30,59.9,23.87,0.0,0.03,92.9,100.0,34200,Weekday,Friday,Medium_Load,353025272950439.06
28/12/2018 09:45,63.32,23.4,0.0,0.03,93.8,100.0,35100,Weekday,Friday,Medium_Load,352249818676039.94
28/12/2018 10:00,57.17,22.21,0.0,0.03,93.21,100.0,36000,Weekday,Friday,Medium_Load,352624018665206.3
28/12/2018 10:15,55.91,21.64,0.0,0.03,93.26,100.0,36900,Weekday,Friday,Maximum_Load,345364559706451.5
28/12/2018 10:30,62.42,25.78,0.0,0.03,92.43,100.0,37800,Weekday,Friday,Maximum_Load,346411616773648.56
28/12/2018 10:45,59.72,24.91,0.0,0.03,92.29,100.0,38700,Weekday,Friday,Maximum_Load,346447788956161.8
28/12/2018 11:00,62.71,27.4,0.0,0.03,91.63,100.0,39600,Weekday,Friday,Maximum_Load,347208566465465.25
28/12/2018 11:15,57.82,23.08,0.0,0.03,92.87,100.0,40500,Weekday,Friday,Maximum_Load,345811301487051.1
28/12/2018 11:30,64.94,29.56,0.0,0.03,91.01,100.0,41400,Weekday,Friday,Maximum_Load,347907198951618.25
28/12/2018 11:45,58.97,23.51,0.0,0.03,92.89,100.0,42300,Weekday,Friday,Maximum_Load,345833510237269.75
28/12/2018 12:00,47.05,12.31,0.07,0.02,96.74,100.0,43200,Weekday,Friday,Maximum_Load,319866089485583.1
28/12/2018 12:15,10.01,0.0,19.87,0.0,100.0,44.99,44100,Weekday,Friday,Medium_Load,276140438053540.38
28/12/2018 12:30,7.81,0.0,21.71,0.0,100.0,33.85,45000,Weekday,Friday,Medium_Load,267673188119052.47
28/12/2018 12:45,7.27,0.0,22.64,0.0,100.0,30.57,45900,Weekday,Friday,Medium_Load,264987257326249.28
28/12/2018 13:00,7.31,0.0,22.68,0.0,100.0,30.68,46800,Weekday,Friday,Medium_Load,265041967083750.8
28/12/2018 13:15,42.55,10.84,5.08,0.02,96.9,99.29,47700,Weekday,Friday,Medium_Load,323801355999395.06
28/12/2018 13:30,56.12,15.01,0.04,0.03,96.6,100.0,48600,Weekday,Friday,Medium_Load,327404527248930.7
28/12/2018 13:45,45.0,6.66,0.0,0.02,98.92,100.0,49500,Weekday,Friday,Medium_Load,324786214935902.75
28/12/2018 14:00,45.22,7.99,0.04,0.02,98.47,100.0,50400,Weekday,Friday,Medium_Load,325252125194642.25
28/12/2018 14:15,42.62,6.55,0.83,0.02,98.84,99.98,51300,Weekday,Friday,Medium_Load,324415642740456.44
28/12/2018 14:30,34.2,0.32,3.02,0.02,100.0,99.61,52200,Weekday,Friday,Medium_Load,321573654968637.2
28/12/2018 14:45,42.8,7.06,0.0,0.02,98.67,100.0,53100,Weekday,Friday,Medium_Load,325025747199111.44
28/12/2018 15:00,48.02,13.21,0.0,0.02,96.42,100.0,54000,Weekday,Friday,Medium_Load,327409885883420.6
28/12/2018 15:15,44.6,9.83,0.54,0.02,97.66,99.99,54900,Weekday,Friday,Medium_Load,325821740461408.5
28/12/2018 15:30,35.78,1.04,3.1,0.02,99.96,99.63,55800,Weekday,Friday,Medium_Load,321644539663585.4
28/12/2018 15:45,32.62,0.07,5.87,0.01,100.0,98.42,56700,Weekday,Friday,Medium_Load,319328526660764.06
28/12/2018 16:00,31.39,0.29,5.62,0.01,100.0,98.43,57600,Weekday,Friday,Medium_Load,319479209168177.25
28/12/2018 16:15,30.06,0.04,6.52,0.01,100.0,97.73,58500,Weekday,Friday,Medium_Load,318535083086057.9
28/12/2018 16:30,30.13,0.0,6.66,0.01,100.0,97.64,59400,Weekday,Friday,Medium_Load,318400926544757.3
28/12/2018 16:45,23.58,0.0,10.26,0.01,100.0,91.7,60300,Weekday,Friday,Medium_Load,312584992634805.7
28/12/2018 17:00,8.57,0.0,20.27,0.0,100.0,38.94,61200,Weekday,Friday,Medium_Load,271839703724558.84
28/12/2018 17:15,9.58,0.0,20.34,0.0,100.0,42.61,62100,Weekday,Friday,Maximum_Load,267125581132835.44
28/12/2018 17:30,9.14,0.0,20.48,0.0,100.0,40.75,63000,Weekday,Friday,Maximum_Load,265794913874584.84
28/12/2018 17:45,5.47,0.0,22.46,0.0,100.0,23.66,63900,Weekday,Friday,Maximum_Load,253223901236585.16
28/12/2018 18:00,5.08,0.0,17.46,0.0,100.0,27.94,64800,Weekday,Friday,Maximum_Load,268943711075802.0
28/12/2018 18:15,5.08,0.0,11.41,0.0,100.0,40.67,65700,Weekday,Friday,Maximum_Load,280580566797599.2
28/12/2018 18:30,5.11,0.0,14.8,0.0,100.0,32.64,66600,Weekday,Friday,Maximum_Load,273451903753915.44
28/12/2018 18:45,5.15,0.0,21.96,0.0,100.0,22.83,67500,Weekday,Friday,Maximum_Load,263243406390040.7
28/12/2018 19:00,5.15,0.0,21.85,0.0,100.0,22.94,68400,Weekday,Friday,Maximum_Load,263372637161545.8
28/12/2018 19:15,5.15,0.0,21.85,0.0,100.0,22.94,69300,Weekday,Friday,Maximum_Load,263372637160324.12
28/12/2018 19:30,5.18,0.0,21.89,0.0,100.0,23.03,70200,Weekday,Friday,Maximum_Load,263413786548893.06
28/12/2018 19:45,5.22,0.0,21.89,0.0,100.0,23.2,71100,Weekday,Friday,Maximum_Load,263529049683588.75
28/12/2018 20:00,5.15,0.0,21.71,0.0,100.0,23.08,72000,Weekday,Friday,Maximum_Load,263537112685583.7
28/12/2018 20:15,5.15,0.0,21.71,0.0,100.0,23.08,72900,Weekday,Friday,Medium_Load,270704786500584.5
28/12/2018 20:30,5.18,0.0,21.6,0.0,100.0,23.32,73800,Weekday,Friday,Medium_Load,270922159670143.0
28/12/2018 20:45,5.26,0.0,21.53,0.0,100.0,23.73,74700,Weekday,Friday,Medium_Load,271234923705217.94
28/12/2018 21:00,5.18,0.0,21.42,0.0,100.0,23.51,75600,Weekday,Friday,Medium_Load,271140408389353.88
28/12/2018 21:15,5.15,0.0,21.35,0.0,100.0,23.45,76500,Weekday,Friday,Medium_Load,271134503754539.5
28/12/2018 21:30,5.26,0.0,21.31,0.0,100.0,23.96,77400,Weekday,Friday,Medium_Load,271500165431471.06
28/12/2018 21:45,5.26,0.0,21.28,0.0,100.0,24.0,78300,Weekday,Friday,Medium_Load,271542190370912.94
28/12/2018 22:00,5.22,0.0,21.06,0.0,100.0,24.06,79200,Weekday,Friday,Medium_Load,293282688108511.4
28/12/2018 22:15,4.97,3.78,0.47,0.0,79.59,99.56,80100,Weekday,Friday,Maximum_Load,364504274613850.94
28/12/2018 22:30,4.97,3.92,0.0,0.0,78.52,100.0,81000,Weekday,Friday,Maximum_Load,365920530039178.7
28/12/2018 22:45,4.93,3.92,0.0,0.0,78.27,100.0,81900,Weekday,Friday,Maximum_Load,366124242969159.8
28/12/2018 23:00,5.04,4.0,0.0,0.0,78.33,100.0,82800,Weekday,Friday,Maximum_Load,366082515731828.75
28/12/2018 23:15,4.86,3.31,0.0,0.0,82.65,100.0,83700,Weekday,Friday,Light_Load,369135762098237.6
28/12/2018 23:30,4.86,2.81,0.0,0.0,86.57,100.0,84600,Weekday,Friday,Light_Load,365896769164641.75
28/12/2018 23:45,4.86,2.88,0.0,0.0,86.03,100.0,85500,Weekday,Friday,Light_Load,366343057478774.1
28/12/2018 00:00,4.82,2.81,0.0,0.0,86.39,100.0,0,Weekday,Friday,Light_Load,366043442589919.7
29/12/2018 00:15,4.9,2.88,0.0,0.0,86.21,100.0,900,Weekend,Saturday,Light_Load,367220997398653.3
29/12/2018 00:30,4.82,2.77,0.0,0.0,86.7,100.0,1800,Weekend,Saturday,Light_Load,366811869734629.0
29/12/2018 00:45,3.85,2.95,0.11,0.0,79.38,99.96,2700,Weekend,Saturday,Light_Load,372710933564032.94
29/12/2018 01:00,3.74,3.1,0.11,0.0,76.99,99.96,3600,Weekend,Saturday,Light_Load,374671861435676.06
29/12/2018 01:15,3.82,3.24,0.04,0.0,76.26,99.99,4500,Weekend,Saturday,Light_Load,375334356987362.2
29/12/2018 01:30,3.78,3.2,0.04,0.0,76.32,99.99,5400,Weekend,Saturday,Light_Load,375281883949167.9
29/12/2018 01:45,3.67,3.17,0.04,0.0,75.68,99.99,6300,Weekend,Saturday,Light_Load,375800702601712.4
29/12/2018 02:00,3.74,3.24,0.07,0.0,75.58,99.98,7200,Weekend,Saturday,Light_Load,375866771769301.56
29/12/2018 02:15,3.71,3.2,0.04,0.0,75.72,99.99,8100,Weekend,Saturday,Light_Load,375770794980390.56
29/12/2018 02:30,3.82,3.38,0.0,0.0,74.89,100.0,9000,Weekend,Saturday,Light_Load,376489893083637.6
29/12/2018 02:45,3.78,3.42,0.0,0.0,74.15,100.0,9900,Weekend,Saturday,Light_Load,377096465292465.44
29/12/2018 03:00,3.71,3.35,0.04,0.0,74.22,99.99,10800,Weekend,Saturday,Light_Load,377006504814508.56
29/12/2018 03:15,3.74,3.24,0.0,0.0,75.58,100.0,11700,Weekend,Saturday,Light_Load,375915108621941.94
29/12/2018 03:30,3.78,3.31,0.04,0.0,75.23,99.99,12600,Weekend,Saturday,Light_Load,376179922636521.8
29/12/2018 03:45,3.78,3.31,0.04,0.0,75.23,99.99,13500,Weekend,Saturday,Light_Load,376179922635300.1
29/12/2018 04:00,3.74,3.2,0.0,0.0,75.98,100.0,14400,Weekend,Saturday,Light_Load,375585585994664.3
29/12/2018 04:15,3.02,2.27,0.04,0.0,79.94,99.99,15300,Weekend,Saturday,Light_Load,372248840738411.9
29/12/2018 04:30,3.74,3.2,0.0,0.0,75.98,100.0,16200,Weekend,Saturday,Light_Load,375585585992221.0
29/12/2018 04:45,3.6,3.24,0.0,0.0,74.33,100.0,17100,Weekend,Saturday,Light_Load,376933673270627.0
29/12/2018 05:00,3.06,2.27,0.0,0.0,80.31,100.0,18000,Weekend,Saturday,Light_Load,371973998063073.5
29/12/2018 05:15,3.02,2.2,0.04,0.0,80.83,99.99,18900,Weekend,Saturday,Light_Load,371517354314847.2
29/12/2018 05:30,3.02,2.23,0.04,0.0,80.45,99.99,19800,Weekend,Saturday,Light_Load,371829684419166.75
29/12/2018 05:45,2.99,2.27,0.0,0.0,79.65,100.0,20700,Weekend,Saturday,Light_Load,372511800197784.06
29/12/2018 06:00,3.06,2.23,0.0,0.0,80.82,100.0,21600,Weekend,Saturday,Light_Load,361422989151699.56
29/12/2018 06:15,3.06,2.48,0.0,0.0,77.69,100.0,22500,Weekend,Saturday,Light_Load,363995862134694.2
29/12/2018 06:30,3.67,3.24,0.04,0.0,74.97,99.99,23400,Weekend,Saturday,Light_Load,366253663093573.3
29/12/2018 06:45,3.74,3.42,0.0,0.0,73.8,100.0,24300,Weekend,Saturday,Light_Load,367249810783461.25
29/12/2018 07:00,3.71,3.38,0.0,0.0,73.92,100.0,25200,Weekend,Saturday,Light_Load,367148446641574.2
29/12/2018 07:15,3.67,3.53,0.0,0.0,72.07,100.0,26100,Weekend,Saturday,Light_Load,368669354582587.56
29/12/2018 07:30,3.38,2.88,0.0,0.0,76.12,100.0,27000,Weekend,Saturday,Light_Load,365310998673431.94
29/12/2018 07:45,3.02,2.3,0.0,0.0,79.56,100.0,27900,Weekend,Saturday,Light_Load,362455970700367.1
29/12/2018 08:00,2.92,2.05,0.11,0.0,81.84,99.93,28800,Weekend,Saturday,Light_Load,360473611635644.25
29/12/2018 08:15,2.95,1.94,0.22,0.0,83.55,99.72,29700,Weekend,Saturday,Light_Load,358873332250530.94
29/12/2018 08:30,3.13,2.12,0.18,0.0,82.8,99.84,30600,Weekend,Saturday,Light_Load,359601824227585.56
29/12/2018 08:45,3.78,1.04,5.72,0.0,96.42,55.13,31500,Weekend,Saturday,Light_Load,315340317333560.06
29/12/2018 09:00,3.24,0.0,15.8,0.0,100.0,20.09,32400,Weekend,Saturday,Light_Load,283564439377974.8
29/12/2018 09:15,3.17,0.0,14.47,0.0,100.0,21.4,33300,Weekend,Saturday,Light_Load,285113396532595.6
29/12/2018 09:30,3.2,0.0,14.22,0.0,100.0,21.95,34200,Weekend,Saturday,Light_Load,285610508366995.2
29/12/2018 09:45,3.31,0.0,14.9,0.0,100.0,21.69,35100,Weekend,Saturday,Light_Load,285096394972848.06
29/12/2018 10:00,4.03,0.0,21.17,0.0,100.0,18.7,36000,Weekend,Saturday,Light_Load,279954141431023.06
29/12/2018 10:15,4.03,0.0,20.81,0.0,100.0,19.01,36900,Weekend,Saturday,Light_Load,280343177581847.62
29/12/2018 10:30,4.03,0.0,20.77,0.0,100.0,19.05,37800,Weekend,Saturday,Light_Load,280390170588889.88
29/12/2018 10:45,4.03,0.0,20.88,0.0,100.0,18.95,38700,Weekend,Saturday,Light_Load,280267719999408.3
29/12/2018 11:00,6.19,0.07,17.17,0.0,99.99,33.91,39600,Weekend,Saturday,Light_Load,292268445939452.56
29/12/2018 11:15,26.17,0.0,5.72,0.01,100.0,97.69,40500,Weekend,Saturday,Light_Load,341186482962079.7
29/12/2018 11:30,9.36,0.0,13.68,0.0,100.0,56.47,41400,Weekend,Saturday,Light_Load,309283980783332.06
29/12/2018 11:45,3.64,0.0,16.06,0.0,100.0,22.1,42300,Weekend,Saturday,Light_Load,284798086684543.9
29/12/2018 12:00,4.14,0.0,20.52,0.0,100.0,19.78,43200,Weekend,Saturday,Light_Load,259216802096908.1
29/12/2018 12:15,3.78,0.0,16.38,0.0,100.0,22.49,44100,Weekend,Saturday,Light_Load,263111012072399.1
29/12/2018 12:30,3.46,0.0,13.28,0.0,100.0,25.21,45000,Weekend,Saturday,Light_Load,266495323201930.72
29/12/2018 12:45,3.42,0.0,13.14,0.0,100.0,25.19,45900,Weekend,Saturday,Light_Load,266551315778180.94
29/12/2018 13:00,3.42,0.0,13.39,0.0,100.0,24.75,46800,Weekend,Saturday,Light_Load,266128785970462.3
29/12/2018 13:15,4.1,0.0,20.34,0.0,100.0,19.76,47700,Weekend,Saturday,Light_Load,259292666938673.84
29/12/2018 13:30,4.14,0.0,20.74,0.0,100.0,19.58,48600,Weekend,Saturday,Light_Load,258971900913059.34
29/12/2018 13:45,4.07,0.0,20.81,0.0,100.0,19.19,49500,Weekend,Saturday,Light_Load,258672697244472.6
29/12/2018 14:00,4.03,0.0,20.74,0.0,100.0,19.07,50400,Weekend,Saturday,Light_Load,258626111502865.1
29/12/2018 14:15,3.92,0.0,19.69,0.0,100.0,19.53,51300,Weekend,Saturday,Light_Load,259459647085092.34
29/12/2018 14:30,3.31,0.0,13.79,0.0,100.0,23.34,52200,Weekend,Saturday,Light_Load,264974057249456.12
29/12/2018 14:45,3.35,0.0,13.82,0.0,100.0,23.56,53100,Weekend,Saturday,Light_Load,265108317103679.75
29/12/2018 15:00,3.31,0.0,13.79,0.0,100.0,23.34,54000,Weekend,Saturday,Light_Load,264974057247014.0
29/12/2018 15:15,3.31,0.0,13.75,0.0,100.0,23.4,54900,Weekend,Saturday,Light_Load,265034610622987.62
29/12/2018 15:30,3.31,0.0,13.75,0.0,100.0,23.4,55800,Weekend,Saturday,Light_Load,265034610621766.0
29/12/2018 15:45,3.35,0.0,13.82,0.0,100.0,23.56,56700,Weekend,Saturday,Light_Load,265108317098794.2
29/12/2018 16:00,3.49,0.0,15.3,0.0,100.0,22.24,57600,Weekend,Saturday,Light_Load,263478058743261.66
29/12/2018 16:15,4.1,0.0,20.81,0.0,100.0,19.33,58500,Weekend,Saturday,Light_Load,258767619814779.6
29/12/2018 16:30,3.71,0.0,17.46,0.0,100.0,20.78,59400,Weekend,Saturday,Light_Load,261415049207169.62
29/12/2018 16:45,3.67,0.0,17.5,0.0,100.0,20.52,60300,Weekend,Saturday,Light_Load,261218892139438.1
29/12/2018 17:00,4.1,0.0,20.84,0.0,100.0,19.3,61200,Weekend,Saturday,Light_Load,258732375054917.72
29/12/2018 17:15,4.07,0.0,20.81,0.0,100.0,19.19,62100,Weekend,Saturday,Light_Load,258672697227373.78
29/12/2018 17:30,4.07,0.0,20.81,0.0,100.0,19.19,63000,Weekend,Saturday,Light_Load,258672697226152.1
29/12/2018 17:45,4.1,0.0,21.06,0.0,100.0,19.11,63900,Weekend,Saturday,Light_Load,258494254059198.56
29/12/2018 18:00,3.56,0.0,12.85,0.0,100.0,26.7,64800,Weekend,Saturday,Light_Load,278053054656249.25
29/12/2018 18:15,3.31,0.0,6.59,0.0,100.0,44.88,65700,Weekend,Saturday,Light_Load,293489440331473.44
29/12/2018 18:30,3.24,0.0,9.0,0.0,100.0,33.87,66600,Weekend,Saturday,Light_Load,284827152941826.44
29/12/2018 18:45,3.35,0.0,13.97,0.0,100.0,23.32,67500,Weekend,Saturday,Light_Load,275204928731940.8
29/12/2018 19:00,3.31,0.0,13.93,0.0,100.0,23.12,68400,Weekend,Saturday,Light_Load,275089197311806.7
29/12/2018 19:15,3.35,0.0,13.93,0.0,100.0,23.38,69300,Weekend,Saturday,Light_Load,275265482106693.94
29/12/2018 19:30,3.35,0.0,14.0,0.0,100.0,23.27,70200,Weekend,Saturday,Light_Load,275156123603147.5
29/12/2018 19:45,3.31,0.0,13.93,0.0,100.0,23.12,71100,Weekend,Saturday,Light_Load,275089197308141.7
29/12/2018 20:00,3.71,0.0,17.24,0.0,100.0,21.04,72000,Weekend,Saturday,Light_Load,272034488562369.38
29/12/2018 20:15,4.36,0.0,20.88,0.0,100.0,20.44,72900,Weekend,Saturday,Light_Load,269819300886715.88
29/12/2018 20:30,4.28,0.0,20.99,0.0,100.0,19.98,73800,Weekend,Saturday,Light_Load,269452763656468.0
29/12/2018 20:45,4.14,0.0,20.99,0.0,100.0,19.35,74700,Weekend,Saturday,Light_Load,269025612033905.44
29/12/2018 21:00,4.1,0.0,20.92,0.0,100.0,19.23,75600,Weekend,Saturday,Light_Load,268979026292297.75
29/12/2018 21:15,4.07,0.0,20.88,0.0,100.0,19.13,76500,Weekend,Saturday,Light_Load,268931096716819.8
29/12/2018 21:30,3.85,0.0,18.47,0.0,100.0,20.41,77400,Weekend,Saturday,Light_Load,270996264618869.7
29/12/2018 21:45,3.46,0.0,13.79,0.0,100.0,24.34,78300,Weekend,Saturday,Light_Load,275985932749592.75
29/12/2018 22:00,3.31,0.0,13.72,0.0,100.0,23.45,79200,Weekend,Saturday,Light_Load,297007791948943.25
29/12/2018 22:15,3.13,2.74,0.29,0.0,75.24,99.57,80100,Weekend,Saturday,Light_Load,375711762037952.25
29/12/2018 22:30,3.13,2.92,0.0,0.0,73.12,100.0,81000,Weekend,Saturday,Light_Load,377890988301416.94
29/12/2018 22:45,3.13,2.77,0.0,0.0,74.89,100.0,81900,Weekend,Saturday,Light_Load,376435268495945.06
29/12/2018 23:00,3.17,2.74,0.0,0.0,75.66,100.0,82800,Weekend,Saturday,Light_Load,375805146216352.8
29/12/2018 23:15,3.06,2.23,0.04,0.0,80.82,99.99,83700,Weekend,Saturday,Light_Load,371528189194267.94
29/12/2018 23:30,2.99,2.02,0.11,0.0,82.86,99.93,84600,Weekend,Saturday,Light_Load,369771628943642.44
29/12/2018 23:45,3.42,2.38,0.07,0.0,82.08,99.98,85500,Weekend,Saturday,Light_Load,370493223881859.8
29/12/2018 00:00,4.28,2.92,0.0,0.0,82.61,100.0,0,Weekend,Saturday,Light_Load,370158045542884.5
30/12/2018 00:15,3.92,3.06,0.04,0.0,78.83,99.99,900,Weekend,Sunday,Light_Load,374248682474337.9
30/12/2018 00:30,3.82,3.2,0.04,0.0,76.66,99.99,1800,Weekend,Sunday,Light_Load,376029447483150.75
30/12/2018 00:45,3.74,3.31,0.04,0.0,74.88,99.99,2700,Weekend,Sunday,Light_Load,377489733869174.2
30/12/2018 01:00,3.78,3.28,0.0,0.0,75.53,100.0,3600,Weekend,Sunday,Light_Load,376984046268397.7
30/12/2018 01:15,3.42,2.95,0.0,0.0,75.72,100.0,4500,Weekend,Sunday,Light_Load,376799673486526.5
30/12/2018 01:30,3.17,2.38,0.0,0.0,79.97,100.0,5400,Weekend,Sunday,Light_Load,373285511099786.94
30/12/2018 01:45,3.02,2.34,0.0,0.0,79.05,100.0,6300,Weekend,Sunday,Light_Load,374031592751702.4
30/12/2018 02:00,3.1,2.56,0.0,0.0,77.11,100.0,7200,Weekend,Sunday,Light_Load,375632105731905.75
30/12/2018 02:15,3.06,2.48,0.0,0.0,77.69,100.0,8100,Weekend,Sunday,Light_Load,375152327862915.3
30/12/2018 02:30,3.1,2.56,0.0,0.0,77.11,100.0,9000,Weekend,Sunday,Light_Load,375632105729462.44
30/12/2018 02:45,3.13,2.59,0.0,0.0,77.04,100.0,9900,Weekend,Sunday,Light_Load,375691831799244.5
30/12/2018 03:00,3.1,2.63,0.0,0.0,76.25,100.0,10800,Weekend,Sunday,Light_Load,376339146594313.8
30/12/2018 03:15,3.13,2.81,0.0,0.0,74.41,100.0,11700,Weekend,Sunday,Light_Load,377854592468345.9
30/12/2018 03:30,3.6,3.56,0.0,0.0,71.1,100.0,12600,Weekend,Sunday,Light_Load,380618912932920.75
30/12/2018 03:45,4.86,3.89,0.0,0.0,78.07,100.0,13500,Weekend,Sunday,Light_Load,374968947362700.1
30/12/2018 04:00,3.85,3.85,0.0,0.0,70.71,100.0,14400,Weekend,Sunday,Light_Load,380962674122401.0
30/12/2018 04:15,3.82,3.85,0.0,0.0,70.43,100.0,15300,Weekend,Sunday,Light_Load,381190832604126.5
30/12/2018 04:30,3.82,3.96,0.0,0.0,69.43,100.0,16200,Weekend,Sunday,Light_Load,382015534645361.25
30/12/2018 04:45,3.46,3.17,0.0,0.0,73.73,100.0,17100,Weekend,Sunday,Light_Load,378440929037090.8
30/12/2018 05:00,3.17,2.59,0.0,0.0,77.44,100.0,18000,Weekend,Sunday,Light_Load,375365891098328.0
30/12/2018 05:15,3.13,2.52,0.0,0.0,77.89,100.0,18900,Weekend,Sunday,Light_Load,374992939436985.25
30/12/2018 05:30,3.1,2.56,0.0,0.0,77.11,100.0,19800,Weekend,Sunday,Light_Load,375632105714805.5
30/12/2018 05:45,3.1,2.48,0.0,0.0,78.09,100.0,20700,Weekend,Sunday,Light_Load,374826387155890.56
30/12/2018 06:00,3.1,2.48,0.0,0.0,78.09,100.0,21600,Weekend,Sunday,Light_Load,364694534561524.25
30/12/2018 06:15,3.13,2.59,0.0,0.0,77.04,100.0,22500,Weekend,Sunday,Light_Load,365559979188999.56
30/12/2018 06:30,3.13,2.66,0.0,0.0,76.2,100.0,23400,Weekend,Sunday,Light_Load,366250723020575.25
30/12/2018 06:45,3.1,2.88,0.0,0.0,73.26,100.0,24300,Weekend,Sunday,Light_Load,368666087725589.06
30/12/2018 07:00,3.82,4.03,0.0,0.0,68.79,100.0,25200,Weekend,Sunday,Light_Load,372411455527837.4
30/12/2018 07:15,4.36,3.85,0.0,0.0,74.96,100.0,26100,Weekend,Sunday,Light_Load,367367701682929.1
30/12/2018 07:30,4.97,3.67,0.0,0.0,80.44,100.0,27000,Weekend,Sunday,Light_Load,362886195528140.9
30/12/2018 07:45,3.96,3.56,0.0,0.0,74.37,100.0,27900,Weekend,Sunday,Light_Load,367822495178878.25
30/12/2018 08:00,3.46,3.42,0.0,0.0,71.12,100.0,28800,Weekend,Sunday,Light_Load,370458226515382.25
30/12/2018 08:15,3.06,2.59,0.0,0.0,76.33,100.0,29700,Weekend,Sunday,Light_Load,366138523903844.44
30/12/2018 08:30,3.06,2.84,0.0,0.0,73.3,100.0,30600,Weekend,Sunday,Light_Load,368629911714358.0
30/12/2018 08:45,3.17,1.26,3.17,0.0,92.93,70.71,31500,Weekend,Sunday,Light_Load,331058848238513.1
30/12/2018 09:00,3.28,0.0,13.9,0.0,100.0,22.97,32400,Weekend,Sunday,Light_Load,287485678463683.7
30/12/2018 09:15,3.35,0.0,13.5,0.0,100.0,24.08,33300,Weekend,Sunday,Light_Load,288437001642167.56
30/12/2018 09:30,3.38,0.0,13.25,0.0,100.0,24.72,34200,Weekend,Sunday,Light_Load,288995135136758.56
30/12/2018 09:45,3.35,0.0,13.28,0.0,100.0,24.46,35100,Weekend,Sunday,Light_Load,288803946136627.25
30/12/2018 10:00,3.46,0.0,13.21,0.0,100.0,25.34,36000,Weekend,Sunday,Light_Load,289435378841592.56
30/12/2018 10:15,3.38,0.0,13.32,0.0,100.0,24.6,36900,Weekend,Sunday,Light_Load,288878996446304.25
30/12/2018 10:30,4.0,0.0,19.66,0.0,100.0,19.94,37800,Weekend,Sunday,Light_Load,282569675625499.5
30/12/2018 10:45,4.1,0.0,20.23,0.0,100.0,19.86,38700,Weekend,Sunday,Light_Load,282232254295338.3
30/12/2018 11:00,4.1,0.0,20.09,0.0,100.0,20.0,39600,Weekend,Sunday,Light_Load,282396729823041.4
30/12/2018 11:15,4.28,0.0,19.98,0.0,100.0,20.95,40500,Weekend,Sunday,Light_Load,283095496089666.6
30/12/2018 11:30,4.61,0.0,19.87,0.0,100.0,22.6,41400,Weekend,Sunday,Light_Load,284268875268892.7
30/12/2018 11:45,3.56,0.0,14.22,0.0,100.0,24.29,42300,Weekend,Sunday,Light_Load,288221684636516.0
30/12/2018 12:00,3.42,0.0,12.89,0.0,100.0,25.64,43200,Weekend,Sunday,Light_Load,268005238888342.84
30/12/2018 12:15,3.46,0.0,12.74,0.0,100.0,26.21,44100,Weekend,Sunday,Light_Load,268466230415671.34
30/12/2018 12:30,3.46,0.0,12.89,0.0,100.0,25.92,45000,Weekend,Sunday,Light_Load,268195084050939.9
30/12/2018 12:45,3.31,0.0,13.64,0.0,100.0,23.58,45900,Weekend,Sunday,Light_Load,266235915814719.66
30/12/2018 13:00,3.28,0.0,13.79,0.0,100.0,23.14,46800,Weekend,Sunday,Light_Load,265863066683003.4
30/12/2018 13:15,3.2,0.0,13.93,0.0,100.0,22.39,47700,Weekend,Sunday,Light_Load,265284999900448.72
30/12/2018 13:30,3.24,0.0,14.11,0.0,100.0,22.38,48600,Weekend,Sunday,Light_Load,265188794497956.88
30/12/2018 13:45,3.24,0.0,14.15,0.0,100.0,22.32,49500,Weekend,Sunday,Light_Load,265128241119539.94
30/12/2018 14:00,4.03,0.0,21.17,0.0,100.0,18.7,50400,Weekend,Sunday,Light_Load,259186230886355.72
30/12/2018 14:15,4.0,0.0,21.1,0.0,100.0,18.63,51300,Weekend,Sunday,Light_Load,259173546067075.62
30/12/2018 14:30,4.03,0.0,21.06,0.0,100.0,18.79,52200,Weekend,Sunday,Light_Load,259301901287706.62
30/12/2018 14:45,4.82,0.0,21.13,0.0,100.0,22.24,53100,Weekend,Sunday,Light_Load,261606288453959.6
30/12/2018 15:00,4.1,0.0,17.46,0.0,100.0,22.86,54000,Weekend,Sunday,Light_Load,263849940698903.1
30/12/2018 15:15,3.31,0.0,13.93,0.0,100.0,23.12,54900,Weekend,Sunday,Light_Load,265779953356675.88
30/12/2018 15:30,3.24,0.0,13.9,0.0,100.0,22.7,55800,Weekend,Sunday,Light_Load,265510089810694.28
30/12/2018 15:45,3.24,0.0,13.93,0.0,100.0,22.65,56700,Weekend,Sunday,Light_Load,265461284684343.3
30/12/2018 16:00,3.35,0.0,13.93,0.0,100.0,23.38,57600,Weekend,Sunday,Light_Load,265956238149120.94
30/12/2018 16:15,3.31,0.0,13.97,0.0,100.0,23.06,58500,Weekend,Sunday,Light_Load,265719399974595.0
30/12/2018 16:30,3.35,0.0,14.08,0.0,100.0,23.15,59400,Weekend,Sunday,Light_Load,265725772889962.25
30/12/2018 16:45,3.24,0.0,14.15,0.0,100.0,22.32,60300,Weekend,Sunday,Light_Load,265128241104883.38
30/12/2018 17:00,3.24,0.0,14.29,0.0,100.0,22.11,61200,Weekend,Sunday,Light_Load,264916304283479.03
30/12/2018 17:15,3.42,0.0,17.03,0.0,100.0,19.69,62100,Weekend,Sunday,Light_Load,261914249119084.8
30/12/2018 17:30,4.0,0.0,21.67,0.0,100.0,18.15,63000,Weekend,Sunday,Light_Load,258564917343628.6
30/12/2018 17:45,4.75,0.0,21.71,0.0,100.0,21.37,63900,Weekend,Sunday,Light_Load,260728264469970.56
30/12/2018 18:00,4.68,0.0,16.45,0.0,100.0,27.36,64800,Weekend,Sunday,Light_Load,277736655610433.06
30/12/2018 18:15,3.89,0.0,10.76,0.0,100.0,34.0,65700,Weekend,Sunday,Light_Load,285065528558992.94
30/12/2018 18:30,3.53,0.0,11.52,0.0,100.0,29.3,66600,Weekend,Sunday,Light_Load,281501268721260.5
30/12/2018 18:45,3.2,0.0,14.58,0.0,100.0,21.44,67500,Weekend,Sunday,Light_Load,274651815044302.2
30/12/2018 19:00,3.28,0.0,14.51,0.0,100.0,22.05,68400,Weekend,Sunday,Light_Load,275100182768692.62
30/12/2018 19:15,3.24,0.0,14.47,0.0,100.0,21.85,69300,Weekend,Sunday,Light_Load,274984451348557.38
30/12/2018 19:30,3.24,0.0,14.44,0.0,100.0,21.89,70200,Weekend,Sunday,Light_Load,275026476287999.38
30/12/2018 19:45,3.2,0.0,14.4,0.0,100.0,21.69,71100,Weekend,Sunday,Light_Load,274910744867864.2
30/12/2018 20:00,3.24,0.0,14.44,0.0,100.0,21.89,72000,Weekend,Sunday,Light_Load,275026476285557.12
30/12/2018 20:15,3.31,0.0,14.4,0.0,100.0,22.4,72900,Weekend,Sunday,Light_Load,275392137962488.62
30/12/2018 20:30,3.24,0.0,14.47,0.0,100.0,21.85,73800,Weekend,Sunday,Light_Load,274984451342450.12
30/12/2018 20:45,3.78,0.0,19.51,0.0,100.0,19.02,74700,Weekend,Sunday,Light_Load,270561753066905.25
30/12/2018 21:00,4.32,0.0,21.6,0.0,100.0,19.61,75600,Weekend,Sunday,Light_Load,269923457820712.0
30/12/2018 21:15,4.07,0.0,21.49,0.0,100.0,18.61,76500,Weekend,Sunday,Light_Load,269300088116520.12
30/12/2018 21:30,4.07,0.0,21.53,0.0,100.0,18.57,77400,Weekend,Sunday,Light_Load,269253095107034.56
30/12/2018 21:45,4.03,0.0,21.67,0.0,100.0,18.28,78300,Weekend,Sunday,Light_Load,268986916809903.38
30/12/2018 22:00,4.0,0.0,21.2,0.0,100.0,18.54,79200,Weekend,Sunday,Light_Load,290987219926822.44
30/12/2018 22:15,3.2,2.23,0.54,0.0,82.04,98.61,80100,Weekend,Sunday,Light_Load,370374614374131.7
30/12/2018 22:30,2.99,2.23,0.04,0.0,80.16,99.99,81000,Weekend,Sunday,Light_Load,373090604451840.5
30/12/2018 22:45,3.1,2.2,0.04,0.0,81.55,99.99,81900,Weekend,Sunday,Light_Load,371955274103018.1
30/12/2018 23:00,3.02,2.12,0.07,0.0,81.85,99.97,82800,Weekend,Sunday,Light_Load,371675190145652.56
30/12/2018 23:15,2.95,1.91,0.25,0.0,83.94,99.64,83700,Weekend,Sunday,Light_Load,369640173584609.94
30/12/2018 23:30,2.99,1.84,0.29,0.0,85.17,99.53,84600,Weekend,Sunday,Light_Load,368537183278749.44
30/12/2018 23:45,2.92,1.87,0.29,0.0,84.21,99.51,85500,Weekend,Sunday,Light_Load,369308567014528.1
30/12/2018 00:00,3.1,1.91,0.29,0.0,85.14,99.57,0,Weekend,Sunday,Light_Load,368595018066765.6
31/12/2018 00:15,3.64,2.34,0.0,0.0,84.12,100.0,900,Weekday,Monday,Light_Load,424624886847943.56
31/12/2018 00:30,3.31,2.2,0.11,0.0,83.28,99.94,1800,Weekday,Monday,Light_Load,425201495665972.3
31/12/2018 00:45,3.49,2.48,0.22,0.0,81.52,99.8,2700,Weekday,Monday,Light_Load,426511136908683.06
31/12/2018 01:00,3.71,2.84,0.18,0.0,79.41,99.88,3600,Weekday,Monday,Light_Load,428336825194296.94
31/12/2018 01:15,3.78,2.84,0.22,0.0,79.95,99.83,4500,Weekday,Monday,Light_Load,427843032068947.44
31/12/2018 01:30,3.71,2.92,0.14,0.0,78.58,99.93,5400,Weekday,Monday,Light_Load,429074089183144.8
31/12/2018 01:45,3.67,2.92,0.18,0.0,78.25,99.88,6300,Weekday,Monday,Light_Load,429289217058380.94
31/12/2018 02:00,3.02,2.02,0.14,0.0,83.12,99.89,7200,Weekday,Monday,Light_Load,425266948108806.44
31/12/2018 02:15,2.99,1.98,0.18,0.0,83.38,99.82,8100,Weekday,Monday,Light_Load,424984171163988.7
31/12/2018 02:30,3.06,2.05,0.14,0.0,83.08,99.9,9000,Weekday,Monday,Light_Load,425309008809934.3
31/12/2018 02:45,3.02,2.12,0.11,0.0,81.85,99.93,9900,Weekday,Monday,Light_Load,426352789570025.5
31/12/2018 03:00,3.06,2.09,0.11,0.0,82.58,99.94,10800,Weekday,Monday,Light_Load,425762041544045.4
31/12/2018 03:15,3.02,2.09,0.11,0.0,82.23,99.93,11700,Weekday,Monday,Light_Load,426040459462041.9
31/12/2018 03:30,3.46,2.63,0.04,0.0,79.61,99.99,12600,Weekday,Monday,Light_Load,428299184661858.06
31/12/2018 03:45,3.74,2.92,0.04,0.0,78.82,99.99,13500,Weekday,Monday,Light_Load,428968886540996.56
31/12/2018 04:00,3.06,2.2,0.07,0.0,81.19,99.97,14400,Weekday,Monday,Light_Load,426944748577527.2
31/12/2018 04:15,3.74,3.1,0.11,0.0,76.99,99.96,15300,Weekday,Monday,Light_Load,430421066869035.56
31/12/2018 04:30,3.74,3.06,0.07,0.0,77.4,99.98,16200,Weekday,Monday,Light_Load,430116828366490.56
31/12/2018 04:45,3.78,3.02,0.11,0.0,78.13,99.96,17100,Weekday,Monday,Light_Load,429484972033339.44
31/12/2018 05:00,3.78,2.99,0.18,0.0,78.43,99.89,18000,Weekday,Monday,Light_Load,429155592300100.06
31/12/2018 05:15,3.56,2.74,0.14,0.0,79.25,99.92,18900,Weekday,Monday,Light_Load,428505239624056.56
31/12/2018 05:30,2.99,2.05,0.14,0.0,82.48,99.89,19800,Weekday,Monday,Light_Load,425791139645698.44
31/12/2018 05:45,3.02,2.02,0.14,0.0,83.12,99.89,20700,Weekday,Monday,Light_Load,425266948090484.56
31/12/2018 06:00,2.95,1.91,0.25,0.0,83.94,99.64,21600,Weekday,Monday,Light_Load,414232913409445.94
31/12/2018 06:15,3.02,1.91,0.25,0.0,84.52,99.66,22500,Weekday,Monday,Light_Load,413773859776765.1
31/12/2018 06:30,2.99,1.98,0.18,0.0,83.38,99.82,23400,Weekday,Monday,Light_Load,414852318550078.8
31/12/2018 06:45,3.02,2.12,0.11,0.0,81.85,99.93,24300,Weekday,Monday,Light_Load,416220936957337.5
31/12/2018 07:00,3.74,3.02,0.0,0.0,77.8,100.0,25200,Weekday,Monday,Light_Load,419703789995342.5
31/12/2018 07:15,3.17,2.27,0.11,0.0,81.3,99.94,26100,Weekday,Monday,Light_Load,416689317838572.06
31/12/2018 07:30,2.95,1.84,0.25,0.0,84.85,99.64,27000,Weekday,Monday,Light_Load,413485129948941.75
31/12/2018 07:45,3.56,2.38,0.32,0.0,83.13,99.6,27900,Weekday,Monday,Light_Load,414873133805364.6
31/12/2018 08:00,3.64,2.41,0.32,0.0,83.38,99.62,28800,Weekday,Monday,Light_Load,414685667691985.8
31/12/2018 08:15,3.6,2.48,0.32,0.0,82.35,99.61,29700,Weekday,Monday,Light_Load,415524453166450.94
31/12/2018 08:30,3.74,3.02,0.07,0.0,77.8,99.98,30600,Weekday,Monday,Light_Load,419655453130394.1
31/12/2018 08:45,3.74,1.26,5.29,0.0,94.77,57.73,31500,Weekday,Monday,Light_Load,374430203630798.6
31/12/2018 09:00,3.06,0.0,14.83,0.0,100.0,20.21,32400,Weekday,Monday,Light_Load,339876909598025.06
31/12/2018 09:15,3.17,0.0,14.58,0.0,100.0,21.25,33300,Weekday,Monday,Light_Load,340706250471245.3
31/12/2018 09:30,3.13,0.0,14.62,0.0,100.0,20.93,34200,Weekday,Monday,Light_Load,340469412296719.3
31/12/2018 09:45,3.17,0.0,14.65,0.0,100.0,21.15,35100,Weekday,Monday,Light_Load,340603672150942.94
31/12/2018 10:00,3.24,0.0,14.54,0.0,100.0,21.75,36000,Weekday,Monday,Light_Load,341065131961268.94
31/12/2018 10:15,3.2,0.0,15.26,0.0,100.0,20.52,36900,Weekday,Monday,Light_Load,339873468403545.1
31/12/2018 10:30,4.03,0.0,21.56,0.0,100.0,18.37,37800,Weekday,Monday,Light_Load,335285846154039.25
31/12/2018 10:45,3.67,0.0,17.32,0.0,100.0,20.73,38700,Weekday,Monday,Light_Load,338992430349232.25
31/12/2018 11:00,3.35,0.0,14.08,0.0,100.0,23.15,39600,Weekday,Monday,Light_Load,342242888891196.44
31/12/2018 11:15,3.35,0.0,13.97,0.0,100.0,23.32,40500,Weekday,Monday,Light_Load,342412800769494.8
31/12/2018 11:30,3.82,0.0,19.01,0.0,100.0,19.7,41400,Weekday,Monday,Light_Load,337454467921157.44
31/12/2018 11:45,4.0,0.0,20.92,0.0,100.0,18.78,42300,Weekday,Monday,Light_Load,335881790037442.56
31/12/2018 12:00,4.07,0.0,20.63,0.0,100.0,19.36,43200,Weekday,Monday,Light_Load,314626591054982.9
31/12/2018 12:15,4.03,0.0,20.38,0.0,100.0,19.4,44100,Weekday,Monday,Light_Load,314777913481630.2
31/12/2018 12:30,4.1,0.0,19.44,0.0,100.0,20.64,45000,Weekday,Monday,Light_Load,316085654708581.6
31/12/2018 12:45,3.35,0.0,13.21,0.0,100.0,24.58,45900,Weekday,Monday,Light_Load,321852153501807.9
31/12/2018 13:00,3.35,0.0,13.28,0.0,100.0,24.46,46800,Weekday,Monday,Light_Load,321736014813797.0
31/12/2018 13:15,3.35,0.0,13.54,0.0,100.0,24.02,47700,Weekday,Monday,Light_Load,321308516938476.9
31/12/2018 13:30,3.31,0.0,13.5,0.0,100.0,23.81,48600,Weekday,Monday,Light_Load,321186005333875.94
31/12/2018 13:45,3.31,0.0,13.68,0.0,100.0,23.52,49500,Weekday,Monday,Light_Load,320899954766343.8
31/12/2018 14:00,3.35,0.0,13.57,0.0,100.0,23.97,50400,Weekday,Monday,Light_Load,321259711809683.75
31/12/2018 14:15,3.35,0.0,13.43,0.0,100.0,24.2,51300,Weekday,Monday,Light_Load,321485208997577.2
31/12/2018 14:30,3.56,0.0,15.34,0.0,100.0,22.61,52200,Weekday,Monday,Light_Load,319458258754658.4
31/12/2018 14:45,4.07,0.0,20.16,0.0,100.0,19.79,53100,Weekday,Monday,Light_Load,315151638150784.56
31/12/2018 15:00,3.53,0.0,14.9,0.0,100.0,23.05,54000,Weekday,Monday,Light_Load,319975181843118.94
31/12/2018 15:15,3.42,0.0,13.36,0.0,100.0,24.8,54900,Weekday,Monday,Light_Load,321926796533837.0
31/12/2018 15:30,4.07,0.0,20.23,0.0,100.0,19.72,55800,Weekday,Monday,Light_Load,315069400382659.0
31/12/2018 15:45,4.07,0.0,20.3,0.0,100.0,19.66,56700,Weekday,Monday,Light_Load,314993942801441.25
31/12/2018 16:00,4.03,0.0,20.27,0.0,100.0,19.5,57600,Weekday,Monday,Light_Load,314900364051569.7
31/12/2018 16:15,4.07,0.0,20.38,0.0,100.0,19.58,58500,Weekday,Monday,Light_Load,314899956782471.2
31/12/2018 16:30,3.92,0.0,18.83,0.0,100.0,20.38,59400,Weekday,Monday,Light_Load,316212422016545.44
31/12/2018 16:45,3.31,0.0,13.57,0.0,100.0,23.7,60300,Weekday,Monday,Light_Load,321076646815673.0
31/12/2018 17:00,3.31,0.0,13.61,0.0,100.0,23.63,61200,Weekday,Monday,Light_Load,321009313252791.4
31/12/2018 17:15,3.35,0.0,13.36,0.0,100.0,24.32,62100,Weekday,Monday,Light_Load,321601347669711.06
31/12/2018 17:30,3.31,0.0,13.5,0.0,100.0,23.81,63000,Weekday,Monday,Light_Load,321186005314333.8
31/12/2018 17:45,3.46,0.0,13.54,0.0,100.0,24.76,63900,Weekday,Monday,Light_Load,321810250566955.4
31/12/2018 18:00,3.42,0.0,9.79,0.0,100.0,32.98,64800,Weekday,Monday,Light_Load,339580444635638.9
31/12/2018 18:15,3.35,0.0,5.87,0.0,100.0,49.57,65700,Weekday,Monday,Light_Load,352776253162355.8
31/12/2018 18:30,3.82,0.0,11.45,0.0,100.0,31.65,66600,Weekday,Monday,Light_Load,337853980877613.5
31/12/2018 18:45,4.14,0.0,20.23,0.0,100.0,20.05,67500,Weekday,Monday,Light_Load,325627003543134.2
31/12/2018 19:00,3.49,0.0,13.61,0.0,100.0,24.84,68400,Weekday,Monday,Light_Load,332163572652357.8
31/12/2018 19:15,3.96,0.0,18.29,0.0,100.0,21.16,69300,Weekday,Monday,Light_Load,327343409130834.75
31/12/2018 19:30,4.14,0.0,20.05,0.0,100.0,20.22,70200,Weekday,Monday,Light_Load,325831691892192.0
31/12/2018 19:45,4.21,0.0,20.12,0.0,100.0,20.48,71100,Weekday,Monday,Light_Load,325973200213877.56
31/12/2018 20:00,4.14,0.0,20.09,0.0,100.0,20.18,72000,Weekday,Monday,Light_Load,325784698881485.75
31/12/2018 20:15,4.18,0.0,20.02,0.0,100.0,20.44,72900,Weekday,Monday,Light_Load,325995760149574.75
31/12/2018 20:30,3.38,0.0,13.43,0.0,100.0,24.41,73800,Weekday,Monday,Light_Load,331961449929806.9
31/12/2018 20:45,3.42,0.0,13.39,0.0,100.0,24.75,74700,Weekday,Monday,Light_Load,332211848470820.9
31/12/2018 21:00,3.42,0.0,13.36,0.0,100.0,24.8,75600,Weekday,Monday,Light_Load,332260653594729.6
31/12/2018 21:15,3.42,0.0,13.39,0.0,100.0,24.75,76500,Weekday,Monday,Light_Load,332211848468378.56
31/12/2018 21:30,3.49,0.0,13.36,0.0,100.0,25.27,77400,Weekday,Monday,Light_Load,332579322262175.56
31/12/2018 21:45,3.42,0.0,13.36,0.0,100.0,24.8,78300,Weekday,Monday,Light_Load,332260653591064.6
31/12/2018 22:00,3.42,0.0,13.07,0.0,100.0,25.31,79200,Weekday,Monday,Light_Load,354341036102822.56
31/12/2018 22:15,3.24,3.38,0.22,0.0,69.2,99.77,80100,Weekday,Monday,Light_Load,436610363003310.7
31/12/2018 22:30,3.67,4.43,0.0,0.0,63.8,100.0,81000,Weekday,Monday,Light_Load,441369829822660.7
31/12/2018 22:45,3.82,4.54,0.0,0.0,64.38,100.0,81900,Weekday,Monday,Light_Load,440907066138693.7
31/12/2018 23:00,3.85,4.86,0.0,0.0,62.1,100.0,82800,Weekday,Monday,Light_Load,442793583539555.7
31/12/2018 23:15,3.74,3.74,0.0,0.0,70.71,100.0,83700,Weekday,Monday,Light_Load,435677416044413.44
31/12/2018 23:30,3.78,3.17,0.07,0.0,76.62,99.98,84600,Weekday,Monday,Light_Load,430762262936098.4
31/12/2018 23:45,3.78,3.06,0.11,0.0,77.72,99.96,85500,Weekday,Monday,Light_Load,429822643081170.0
31/12/2018 00:00,3.67,3.02,0.07,0.0,77.22,99.98,0,Weekday,Monday,Light_Load,430259919765458.5
